ID,t,DS
Ind-1,10,S^a
Ind-1,20,S^a
Ind-1,30,S^a
Ind-1,40,S^a
Ind-1,50,S^a
Ind-1,60,I^a
Ind-1,70,I^a
Ind-1,80,R
Ind-1,90,R
Ind-1,100,R
Ind-2,10,S^a
Ind-2,20,S^a
Ind-2,30,S^a
Ind-2,40,S^a
Ind-2,50,S^a
Ind-2,60,S^a
Ind-2,70,S^a
Ind-2,80,S^a
Ind-2,90,S^a
Ind-2,100,S^a
Ind-3,10,S^a
Ind-3,20,S^a
Ind-3,30,S^a
Ind-3,40,S^a
Ind-3,50,S^a
Ind-3,60,I^a
Ind-3,70,I^a
Ind-3,80,I^a
Ind-3,90,I^a
Ind-3,100,R
Ind-4,10,S^a
Ind-4,20,S^a
Ind-4,30,S^a
Ind-4,40,S^a
Ind-4,50,S^a
Ind-4,60,S^a
Ind-4,70,I^a
Ind-4,80,R
Ind-4,90,R
Ind-4,100,R
Ind-5,10,S^a
Ind-5,20,S^a
Ind-5,30,S^a
Ind-5,40,S^a
Ind-5,50,S^a
Ind-5,60,I^a
Ind-5,70,R
Ind-5,80,R
Ind-5,90,R
Ind-5,100,R
Ind-6,10,S^a
Ind-6,20,S^a
Ind-6,30,S^a
Ind-6,40,S^a
Ind-6,50,S^a
Ind-6,60,S^a
Ind-6,70,S^a
Ind-6,80,S^a
Ind-6,90,S^a
Ind-6,100,S^a
Ind-7,10,S^a
Ind-7,20,S^a
Ind-7,30,S^a
Ind-7,40,S^a
Ind-7,50,I^a
Ind-7,60,I^a
Ind-7,70,R
Ind-7,80,R
Ind-7,90,R
Ind-7,100,R
Ind-8,10,S^a
Ind-8,20,S^a
Ind-8,30,S^a
Ind-8,40,S^a
Ind-8,50,I^a
Ind-8,60,I^a
Ind-8,70,I^a
Ind-8,80,R
Ind-8,90,R
Ind-8,100,R
Ind-9,10,S^a
Ind-9,20,I^a
Ind-9,30,R
Ind-9,40,R
Ind-9,50,R
Ind-9,60,R
Ind-9,70,R
Ind-9,80,R
Ind-9,90,R
Ind-9,100,R
Ind-10,10,S^a
Ind-10,20,S^a
Ind-10,30,S^a
Ind-10,40,S^a
Ind-10,50,S^a
Ind-10,60,S^a
Ind-10,70,I^a
Ind-10,80,R
Ind-10,90,R
Ind-10,100,R
Ind-11,10,S^a
Ind-11,20,S^a
Ind-11,30,S^a
Ind-11,40,S^a
Ind-11,50,S^a
Ind-11,60,I^a
Ind-11,70,R
Ind-11,80,R
Ind-11,90,R
Ind-11,100,R
Ind-12,10,S^a
Ind-12,20,S^a
Ind-12,30,S^a
Ind-12,40,S^a
Ind-12,50,I^a
Ind-12,60,R
Ind-12,70,R
Ind-12,80,R
Ind-12,90,R
Ind-12,100,R
Ind-13,10,S^a
Ind-13,20,S^a
Ind-13,30,S^a
Ind-13,40,S^a
Ind-13,50,I^a
Ind-13,60,I^a
Ind-13,70,I^a
Ind-13,80,R
Ind-13,90,R
Ind-13,100,R
Ind-14,10,S^a
Ind-14,20,S^a
Ind-14,30,S^a
Ind-14,40,S^a
Ind-14,50,S^a
Ind-14,60,S^a
Ind-14,70,S^a
Ind-14,80,R
Ind-14,90,R
Ind-14,100,R
Ind-15,10,S^a
Ind-15,20,I^a
Ind-15,30,I^a
Ind-15,40,R
Ind-15,50,R
Ind-15,60,R
Ind-15,70,R
Ind-15,80,R
Ind-15,90,R
Ind-15,100,R
Ind-16,10,S^a
Ind-16,20,S^a
Ind-16,30,S^a
Ind-16,40,S^a
Ind-16,50,S^a
Ind-16,60,S^a
Ind-16,70,S^a
Ind-16,80,I^a
Ind-16,90,R
Ind-16,100,R
Ind-17,10,S^a
Ind-17,20,S^a
Ind-17,30,S^a
Ind-17,40,S^a
Ind-17,50,S^a
Ind-17,60,S^a
Ind-17,70,S^a
Ind-17,80,I^a
Ind-17,90,I^a
Ind-17,100,I^a
Ind-18,10,S^a
Ind-18,20,S^a
Ind-18,30,S^a
Ind-18,40,S^a
Ind-18,50,S^a
Ind-18,60,R
Ind-18,70,R
Ind-18,80,R
Ind-18,90,R
Ind-18,100,R
Ind-19,10,S^a
Ind-19,20,S^a
Ind-19,30,S^a
Ind-19,40,S^a
Ind-19,50,S^a
Ind-19,60,I^a
Ind-19,70,R
Ind-19,80,R
Ind-19,90,R
Ind-19,100,R
Ind-20,10,S^a
Ind-20,20,S^a
Ind-20,30,S^a
Ind-20,40,S^a
Ind-20,50,S^a
Ind-20,60,S^a
Ind-20,70,S^a
Ind-20,80,S^a
Ind-20,90,S^a
Ind-20,100,I^a
Ind-21,10,S^a
Ind-21,20,S^a
Ind-21,30,S^a
Ind-21,40,S^a
Ind-21,50,S^a
Ind-21,60,R
Ind-21,70,R
Ind-21,80,R
Ind-21,90,R
Ind-21,100,R
Ind-22,10,S^a
Ind-22,20,S^a
Ind-22,30,S^a
Ind-22,40,S^a
Ind-22,50,R
Ind-22,60,R
Ind-22,70,R
Ind-22,80,R
Ind-22,90,R
Ind-22,100,R
Ind-23,10,S^a
Ind-23,20,S^a
Ind-23,30,S^a
Ind-23,40,S^a
Ind-23,50,S^a
Ind-23,60,S^a
Ind-23,70,S^a
Ind-23,80,S^a
Ind-23,90,S^a
Ind-23,100,I^a
Ind-24,10,S^a
Ind-24,20,S^a
Ind-24,30,S^a
Ind-24,40,S^a
Ind-24,50,S^a
Ind-24,60,S^a
Ind-24,70,I^a
Ind-24,80,R
Ind-24,90,R
Ind-24,100,R
Ind-25,10,S^a
Ind-25,20,S^a
Ind-25,30,S^a
Ind-25,40,S^a
Ind-25,50,S^a
Ind-25,60,I^a
Ind-25,70,I^a
Ind-25,80,R
Ind-25,90,R
Ind-25,100,R
Ind-26,10,S^a
Ind-26,20,S^a
Ind-26,30,S^a
Ind-26,40,S^a
Ind-26,50,S^a
Ind-26,60,S^a
Ind-26,70,I^a
Ind-26,80,I^a
Ind-26,90,R
Ind-26,100,R
Ind-27,10,S^a
Ind-27,20,S^a
Ind-27,30,S^a
Ind-27,40,S^a
Ind-27,50,S^a
Ind-27,60,S^a
Ind-27,70,R
Ind-27,80,R
Ind-27,90,R
Ind-27,100,R
Ind-28,10,S^a
Ind-28,20,S^a
Ind-28,30,S^a
Ind-28,40,S^a
Ind-28,50,S^a
Ind-28,60,S^a
Ind-28,70,I^a
Ind-28,80,I^a
Ind-28,90,R
Ind-28,100,R
Ind-29,10,S^a
Ind-29,20,S^a
Ind-29,30,S^a
Ind-29,40,S^a
Ind-29,50,S^a
Ind-29,60,I^a
Ind-29,70,I^a
Ind-29,80,R
Ind-29,90,R
Ind-29,100,R
Ind-30,10,S^a
Ind-30,20,S^a
Ind-30,30,S^a
Ind-30,40,R
Ind-30,50,R
Ind-30,60,R
Ind-30,70,R
Ind-30,80,R
Ind-30,90,R
Ind-30,100,R
Ind-31,10,S^a
Ind-31,20,S^a
Ind-31,30,S^a
Ind-31,40,S^a
Ind-31,50,I^a
Ind-31,60,I^a
Ind-31,70,R
Ind-31,80,R
Ind-31,90,R
Ind-31,100,R
Ind-32,10,S^a
Ind-32,20,S^a
Ind-32,30,S^a
Ind-32,40,S^a
Ind-32,50,I^a
Ind-32,60,I^a
Ind-32,70,R
Ind-32,80,R
Ind-32,90,R
Ind-32,100,R
Ind-33,10,S^a
Ind-33,20,S^a
Ind-33,30,S^a
Ind-33,40,S^a
Ind-33,50,S^a
Ind-33,60,S^a
Ind-33,70,I^a
Ind-33,80,I^a
Ind-33,90,I^a
Ind-33,100,I^a
Ind-34,10,S^a
Ind-34,20,S^a
Ind-34,30,S^a
Ind-34,40,S^a
Ind-34,50,I^a
Ind-34,60,I^a
Ind-34,70,I^a
Ind-34,80,I^a
Ind-34,90,R
Ind-34,100,R
Ind-35,10,S^a
Ind-35,20,S^a
Ind-35,30,S^a
Ind-35,40,S^a
Ind-35,50,S^a
Ind-35,60,S^a
Ind-35,70,S^a
Ind-35,80,S^a
Ind-35,90,S^a
Ind-35,100,I^a
Ind-36,10,S^a
Ind-36,20,S^a
Ind-36,30,S^a
Ind-36,40,S^a
Ind-36,50,S^a
Ind-36,60,S^a
Ind-36,70,S^a
Ind-36,80,R
Ind-36,90,R
Ind-36,100,R
Ind-37,10,S^a
Ind-37,20,S^a
Ind-37,30,S^a
Ind-37,40,S^a
Ind-37,50,S^a
Ind-37,60,R
Ind-37,70,R
Ind-37,80,R
Ind-37,90,R
Ind-37,100,R
Ind-38,10,S^a
Ind-38,20,S^a
Ind-38,30,S^a
Ind-38,40,S^a
Ind-38,50,S^a
Ind-38,60,I^a
Ind-38,70,I^a
Ind-38,80,I^a
Ind-38,90,R
Ind-38,100,R
Ind-39,10,S^a
Ind-39,20,S^a
Ind-39,30,S^a
Ind-39,40,S^a
Ind-39,50,S^a
Ind-39,60,I^a
Ind-39,70,I^a
Ind-39,80,I^a
Ind-39,90,I^a
Ind-39,100,I^a
Ind-40,10,S^a
Ind-40,20,S^a
Ind-40,30,S^a
Ind-40,40,S^a
Ind-40,50,I^a
Ind-40,60,I^a
Ind-40,70,I^a
Ind-40,80,I^a
Ind-40,90,I^a
Ind-40,100,I^a
Ind-41,10,S^a
Ind-41,20,S^a
Ind-41,30,S^a
Ind-41,40,S^a
Ind-41,50,S^a
Ind-41,60,S^a
Ind-41,70,S^a
Ind-41,80,S^a
Ind-41,90,S^a
Ind-41,100,S^a
Ind-42,10,S^a
Ind-42,20,S^a
Ind-42,30,S^a
Ind-42,40,S^a
Ind-42,50,S^a
Ind-42,60,I^a
Ind-42,70,I^a
Ind-42,80,I^a
Ind-42,90,R
Ind-42,100,R
Ind-43,10,S^a
Ind-43,20,S^a
Ind-43,30,S^a
Ind-43,40,S^a
Ind-43,50,S^a
Ind-43,60,S^a
Ind-43,70,S^a
Ind-43,80,S^a
Ind-43,90,I^a
Ind-43,100,I^a
Ind-44,10,S^a
Ind-44,20,S^a
Ind-44,30,S^a
Ind-44,40,I^a
Ind-44,50,I^a
Ind-44,60,I^a
Ind-44,70,R
Ind-44,80,R
Ind-44,90,R
Ind-44,100,R
Ind-45,10,S^a
Ind-45,20,S^a
Ind-45,30,S^a
Ind-45,40,S^a
Ind-45,50,S^a
Ind-45,60,I^a
Ind-45,70,I^a
Ind-45,80,R
Ind-45,90,R
Ind-45,100,R
Ind-46,10,S^a
Ind-46,20,S^a
Ind-46,30,S^a
Ind-46,40,S^a
Ind-46,50,S^a
Ind-46,60,S^a
Ind-46,70,I^a
Ind-46,80,R
Ind-46,90,R
Ind-46,100,R
Ind-47,10,S^a
Ind-47,20,S^a
Ind-47,30,S^a
Ind-47,40,S^a
Ind-47,50,S^a
Ind-47,60,I^a
Ind-47,70,I^a
Ind-47,80,R
Ind-47,90,R
Ind-47,100,R
Ind-48,10,S^a
Ind-48,20,S^a
Ind-48,30,S^a
Ind-48,40,I^a
Ind-48,50,I^a
Ind-48,60,R
Ind-48,70,R
Ind-48,80,R
Ind-48,90,R
Ind-48,100,R
Ind-49,10,S^a
Ind-49,20,S^a
Ind-49,30,S^a
Ind-49,40,S^a
Ind-49,50,S^a
Ind-49,60,I^a
Ind-49,70,I^a
Ind-49,80,I^a
Ind-49,90,R
Ind-49,100,R
Ind-50,10,S^a
Ind-50,20,S^a
Ind-50,30,S^a
Ind-50,40,S^a
Ind-50,50,S^a
Ind-50,60,S^a
Ind-50,70,S^a
Ind-50,80,S^a
Ind-50,90,I^a
Ind-50,100,I^a
Ind-51,10,S^a
Ind-51,20,S^a
Ind-51,30,S^a
Ind-51,40,S^a
Ind-51,50,S^a
Ind-51,60,R
Ind-51,70,R
Ind-51,80,R
Ind-51,90,R
Ind-51,100,R
Ind-52,10,S^a
Ind-52,20,S^a
Ind-52,30,S^a
Ind-52,40,S^a
Ind-52,50,S^a
Ind-52,60,I^a
Ind-52,70,R
Ind-52,80,R
Ind-52,90,R
Ind-52,100,R
Ind-53,10,S^a
Ind-53,20,S^a
Ind-53,30,S^a
Ind-53,40,S^a
Ind-53,50,S^a
Ind-53,60,I^a
Ind-53,70,I^a
Ind-53,80,I^a
Ind-53,90,R
Ind-53,100,R
Ind-54,10,S^a
Ind-54,20,S^a
Ind-54,30,S^a
Ind-54,40,S^a
Ind-54,50,S^a
Ind-54,60,I^a
Ind-54,70,R
Ind-54,80,R
Ind-54,90,R
Ind-54,100,R
Ind-55,10,S^a
Ind-55,20,S^a
Ind-55,30,S^a
Ind-55,40,R
Ind-55,50,R
Ind-55,60,R
Ind-55,70,R
Ind-55,80,R
Ind-55,90,R
Ind-55,100,R
Ind-56,10,S^a
Ind-56,20,S^a
Ind-56,30,S^a
Ind-56,40,I^a
Ind-56,50,R
Ind-56,60,R
Ind-56,70,R
Ind-56,80,R
Ind-56,90,R
Ind-56,100,R
Ind-57,10,S^a
Ind-57,20,S^a
Ind-57,30,R
Ind-57,40,R
Ind-57,50,R
Ind-57,60,R
Ind-57,70,R
Ind-57,80,R
Ind-57,90,R
Ind-57,100,R
Ind-58,10,S^a
Ind-58,20,S^a
Ind-58,30,S^a
Ind-58,40,S^a
Ind-58,50,S^a
Ind-58,60,I^a
Ind-58,70,I^a
Ind-58,80,R
Ind-58,90,R
Ind-58,100,R
Ind-59,10,S^a
Ind-59,20,S^a
Ind-59,30,S^a
Ind-59,40,S^a
Ind-59,50,S^a
Ind-59,60,S^a
Ind-59,70,S^a
Ind-59,80,S^a
Ind-59,90,I^a
Ind-59,100,R
Ind-60,10,S^a
Ind-60,20,S^a
Ind-60,30,S^a
Ind-60,40,S^a
Ind-60,50,S^a
Ind-60,60,S^a
Ind-60,70,S^a
Ind-60,80,I^a
Ind-60,90,I^a
Ind-60,100,I^a
Ind-61,10,S^a
Ind-61,20,S^a
Ind-61,30,S^a
Ind-61,40,S^a
Ind-61,50,S^a
Ind-61,60,S^a
Ind-61,70,S^a
Ind-61,80,S^a
Ind-61,90,R
Ind-61,100,R
Ind-62,10,S^a
Ind-62,20,S^a
Ind-62,30,S^a
Ind-62,40,S^a
Ind-62,50,S^a
Ind-62,60,I^a
Ind-62,70,R
Ind-62,80,R
Ind-62,90,R
Ind-62,100,R
Ind-63,10,S^a
Ind-63,20,S^a
Ind-63,30,S^a
Ind-63,40,S^a
Ind-63,50,S^a
Ind-63,60,I^a
Ind-63,70,R
Ind-63,80,R
Ind-63,90,R
Ind-63,100,R
Ind-64,10,S^a
Ind-64,20,S^a
Ind-64,30,S^a
Ind-64,40,S^a
Ind-64,50,S^a
Ind-64,60,S^a
Ind-64,70,S^a
Ind-64,80,I^a
Ind-64,90,I^a
Ind-64,100,I^a
Ind-65,10,S^a
Ind-65,20,S^a
Ind-65,30,S^a
Ind-65,40,S^a
Ind-65,50,S^a
Ind-65,60,S^a
Ind-65,70,I^a
Ind-65,80,R
Ind-65,90,R
Ind-65,100,R
Ind-66,10,S^a
Ind-66,20,S^a
Ind-66,30,S^a
Ind-66,40,S^a
Ind-66,50,S^a
Ind-66,60,S^a
Ind-66,70,S^a
Ind-66,80,I^a
Ind-66,90,R
Ind-66,100,R
Ind-67,10,S^a
Ind-67,20,S^a
Ind-67,30,S^a
Ind-67,40,S^a
Ind-67,50,S^a
Ind-67,60,S^a
Ind-67,70,S^a
Ind-67,80,S^a
Ind-67,90,R
Ind-67,100,R
Ind-68,10,S^a
Ind-68,20,S^a
Ind-68,30,S^a
Ind-68,40,S^a
Ind-68,50,S^a
Ind-68,60,R
Ind-68,70,R
Ind-68,80,R
Ind-68,90,R
Ind-68,100,R
Ind-69,10,R
Ind-69,20,R
Ind-69,30,R
Ind-69,40,R
Ind-69,50,R
Ind-69,60,R
Ind-69,70,R
Ind-69,80,R
Ind-69,90,R
Ind-69,100,R
Ind-70,10,S^b
Ind-70,20,S^b
Ind-70,30,S^b
Ind-70,40,S^b
Ind-70,50,I^b
Ind-70,60,I^b
Ind-70,70,I^b
Ind-70,80,R
Ind-70,90,R
Ind-70,100,R
Ind-71,10,S^b
Ind-71,20,S^b
Ind-71,30,S^b
Ind-71,40,S^b
Ind-71,50,S^b
Ind-71,60,S^b
Ind-71,70,I^b
Ind-71,80,I^b
Ind-71,90,R
Ind-71,100,R
Ind-72,10,S^b
Ind-72,20,S^b
Ind-72,30,S^b
Ind-72,40,S^b
Ind-72,50,S^b
Ind-72,60,S^b
Ind-72,70,S^b
Ind-72,80,S^b
Ind-72,90,S^b
Ind-72,100,S^b
Ind-73,10,S^b
Ind-73,20,S^b
Ind-73,30,S^b
Ind-73,40,S^b
Ind-73,50,S^b
Ind-73,60,S^b
Ind-73,70,I^b
Ind-73,80,I^b
Ind-73,90,I^b
Ind-73,100,R
Ind-74,10,S^b
Ind-74,20,S^b
Ind-74,30,S^b
Ind-74,40,S^b
Ind-74,50,S^b
Ind-74,60,S^b
Ind-74,70,S^b
Ind-74,80,S^b
Ind-74,90,S^b
Ind-74,100,S^b
Ind-75,10,S^b
Ind-75,20,S^b
Ind-75,30,S^b
Ind-75,40,S^b
Ind-75,50,S^b
Ind-75,60,S^b
Ind-75,70,S^b
Ind-75,80,I^b
Ind-75,90,R
Ind-75,100,R
Ind-76,10,S^b
Ind-76,20,S^b
Ind-76,30,S^b
Ind-76,40,S^b
Ind-76,50,S^b
Ind-76,60,S^b
Ind-76,70,S^b
Ind-76,80,R
Ind-76,90,R
Ind-76,100,R
Ind-77,10,S^b
Ind-77,20,S^b
Ind-77,30,S^b
Ind-77,40,S^b
Ind-77,50,S^b
Ind-77,60,S^b
Ind-77,70,I^b
Ind-77,80,R
Ind-77,90,R
Ind-77,100,R
Ind-78,10,S^b
Ind-78,20,S^b
Ind-78,30,S^b
Ind-78,40,S^b
Ind-78,50,S^b
Ind-78,60,S^b
Ind-78,70,S^b
Ind-78,80,S^b
Ind-78,90,S^b
Ind-78,100,S^b
Ind-79,10,S^b
Ind-79,20,S^b
Ind-79,30,S^b
Ind-79,40,S^b
Ind-79,50,S^b
Ind-79,60,S^b
Ind-79,70,I^b
Ind-79,80,I^b
Ind-79,90,I^b
Ind-79,100,R
Ind-80,10,S^b
Ind-80,20,S^b
Ind-80,30,S^b
Ind-80,40,I^b
Ind-80,50,I^b
Ind-80,60,R
Ind-80,70,R
Ind-80,80,R
Ind-80,90,R
Ind-80,100,R
Ind-81,10,S^b
Ind-81,20,S^b
Ind-81,30,S^b
Ind-81,40,S^b
Ind-81,50,S^b
Ind-81,60,S^b
Ind-81,70,S^b
Ind-81,80,S^b
Ind-81,90,S^b
Ind-81,100,S^b
Ind-82,10,S^b
Ind-82,20,S^b
Ind-82,30,S^b
Ind-82,40,S^b
Ind-82,50,S^b
Ind-82,60,I^b
Ind-82,70,I^b
Ind-82,80,R
Ind-82,90,R
Ind-82,100,R
Ind-83,10,S^b
Ind-83,20,I^b
Ind-83,30,R
Ind-83,40,R
Ind-83,50,R
Ind-83,60,R
Ind-83,70,R
Ind-83,80,R
Ind-83,90,R
Ind-83,100,R
Ind-84,10,S^b
Ind-84,20,S^b
Ind-84,30,S^b
Ind-84,40,S^b
Ind-84,50,S^b
Ind-84,60,S^b
Ind-84,70,S^b
Ind-84,80,S^b
Ind-84,90,S^b
Ind-84,100,S^b
Ind-85,10,S^b
Ind-85,20,S^b
Ind-85,30,S^b
Ind-85,40,S^b
Ind-85,50,S^b
Ind-85,60,S^b
Ind-85,70,S^b
Ind-85,80,I^b
Ind-85,90,R
Ind-85,100,R
Ind-86,10,S^b
Ind-86,20,S^b
Ind-86,30,S^b
Ind-86,40,S^b
Ind-86,50,S^b
Ind-86,60,S^b
Ind-86,70,S^b
Ind-86,80,S^b
Ind-86,90,S^b
Ind-86,100,S^b
Ind-87,10,S^b
Ind-87,20,S^b
Ind-87,30,S^b
Ind-87,40,S^b
Ind-87,50,I^b
Ind-87,60,R
Ind-87,70,R
Ind-87,80,R
Ind-87,90,R
Ind-87,100,R
Ind-88,10,S^b
Ind-88,20,S^b
Ind-88,30,S^b
Ind-88,40,S^b
Ind-88,50,S^b
Ind-88,60,S^b
Ind-88,70,S^b
Ind-88,80,S^b
Ind-88,90,S^b
Ind-88,100,S^b
Ind-89,10,S^b
Ind-89,20,S^b
Ind-89,30,S^b
Ind-89,40,S^b
Ind-89,50,S^b
Ind-89,60,S^b
Ind-89,70,S^b
Ind-89,80,S^b
Ind-89,90,S^b
Ind-89,100,S^b
Ind-90,10,S^b
Ind-90,20,S^b
Ind-90,30,S^b
Ind-90,40,I^b
Ind-90,50,R
Ind-90,60,R
Ind-90,70,R
Ind-90,80,R
Ind-90,90,R
Ind-90,100,R
Ind-91,10,S^b
Ind-91,20,S^b
Ind-91,30,S^b
Ind-91,40,S^b
Ind-91,50,S^b
Ind-91,60,S^b
Ind-91,70,S^b
Ind-91,80,I^b
Ind-91,90,R
Ind-91,100,R
Ind-92,10,S^b
Ind-92,20,S^b
Ind-92,30,S^b
Ind-92,40,S^b
Ind-92,50,S^b
Ind-92,60,S^b
Ind-92,70,S^b
Ind-92,80,S^b
Ind-92,90,I^b
Ind-92,100,I^b
Ind-93,10,S^b
Ind-93,20,S^b
Ind-93,30,S^b
Ind-93,40,I^b
Ind-93,50,R
Ind-93,60,R
Ind-93,70,R
Ind-93,80,R
Ind-93,90,R
Ind-93,100,R
Ind-94,10,S^b
Ind-94,20,S^b
Ind-94,30,S^b
Ind-94,40,S^b
Ind-94,50,S^b
Ind-94,60,S^b
Ind-94,70,S^b
Ind-94,80,I^b
Ind-94,90,R
Ind-94,100,R
Ind-95,10,S^b
Ind-95,20,S^b
Ind-95,30,S^b
Ind-95,40,S^b
Ind-95,50,S^b
Ind-95,60,S^b
Ind-95,70,I^b
Ind-95,80,I^b
Ind-95,90,I^b
Ind-95,100,I^b
Ind-96,10,S^b
Ind-96,20,S^b
Ind-96,30,S^b
Ind-96,40,S^b
Ind-96,50,S^b
Ind-96,60,S^b
Ind-96,70,I^b
Ind-96,80,I^b
Ind-96,90,I^b
Ind-96,100,I^b
Ind-97,10,S^b
Ind-97,20,S^b
Ind-97,30,S^b
Ind-97,40,S^b
Ind-97,50,S^b
Ind-97,60,S^b
Ind-97,70,R
Ind-97,80,R
Ind-97,90,R
Ind-97,100,R
Ind-98,10,S^b
Ind-98,20,S^b
Ind-98,30,S^b
Ind-98,40,S^b
Ind-98,50,S^b
Ind-98,60,S^b
Ind-98,70,S^b
Ind-98,80,S^b
Ind-98,90,S^b
Ind-98,100,S^b
Ind-99,10,R
Ind-99,20,R
Ind-99,30,R
Ind-99,40,R
Ind-99,50,R
Ind-99,60,R
Ind-99,70,R
Ind-99,80,R
Ind-99,90,R
Ind-99,100,R
Ind-100,10,S^b
Ind-100,20,S^b
Ind-100,30,S^b
Ind-100,40,S^b
Ind-100,50,S^b
Ind-100,60,I^b
Ind-100,70,R
Ind-100,80,R
Ind-100,90,R
Ind-100,100,R
Ind-101,10,S^b
Ind-101,20,S^b
Ind-101,30,S^b
Ind-101,40,S^b
Ind-101,50,S^b
Ind-101,60,S^b
Ind-101,70,S^b
Ind-101,80,S^b
Ind-101,90,S^b
Ind-101,100,S^b
Ind-102,10,S^b
Ind-102,20,S^b
Ind-102,30,S^b
Ind-102,40,S^b
Ind-102,50,S^b
Ind-102,60,S^b
Ind-102,70,S^b
Ind-102,80,S^b
Ind-102,90,S^b
Ind-102,100,S^b
Ind-103,10,S^b
Ind-103,20,S^b
Ind-103,30,S^b
Ind-103,40,S^b
Ind-103,50,S^b
Ind-103,60,S^b
Ind-103,70,S^b
Ind-103,80,R
Ind-103,90,R
Ind-103,100,R
Ind-104,10,S^b
Ind-104,20,S^b
Ind-104,30,S^b
Ind-104,40,S^b
Ind-104,50,S^b
Ind-104,60,I^b
Ind-104,70,I^b
Ind-104,80,I^b
Ind-104,90,I^b
Ind-104,100,I^b
Ind-105,10,S^b
Ind-105,20,S^b
Ind-105,30,S^b
Ind-105,40,S^b
Ind-105,50,S^b
Ind-105,60,S^b
Ind-105,70,S^b
Ind-105,80,S^b
Ind-105,90,S^b
Ind-105,100,S^b
Ind-106,10,S^b
Ind-106,20,S^b
Ind-106,30,S^b
Ind-106,40,S^b
Ind-106,50,S^b
Ind-106,60,S^b
Ind-106,70,S^b
Ind-106,80,S^b
Ind-106,90,S^b
Ind-106,100,S^b
Ind-107,10,S^b
Ind-107,20,S^b
Ind-107,30,S^b
Ind-107,40,S^b
Ind-107,50,S^b
Ind-107,60,S^b
Ind-107,70,S^b
Ind-107,80,S^b
Ind-107,90,I^b
Ind-107,100,I^b
Ind-108,10,S^b
Ind-108,20,S^b
Ind-108,30,S^b
Ind-108,40,S^b
Ind-108,50,S^b
Ind-108,60,S^b
Ind-108,70,S^b
Ind-108,80,S^b
Ind-108,90,S^b
Ind-108,100,S^b
Ind-109,10,S^b
Ind-109,20,S^b
Ind-109,30,S^b
Ind-109,40,S^b
Ind-109,50,S^b
Ind-109,60,S^b
Ind-109,70,I^b
Ind-109,80,R
Ind-109,90,R
Ind-109,100,R
Ind-110,10,S^b
Ind-110,20,S^b
Ind-110,30,S^b
Ind-110,40,S^b
Ind-110,50,S^b
Ind-110,60,S^b
Ind-110,70,S^b
Ind-110,80,S^b
Ind-110,90,S^b
Ind-110,100,S^b
Ind-111,10,S^b
Ind-111,20,S^b
Ind-111,30,S^b
Ind-111,40,S^b
Ind-111,50,S^b
Ind-111,60,S^b
Ind-111,70,S^b
Ind-111,80,I^b
Ind-111,90,R
Ind-111,100,R
Ind-112,10,S^b
Ind-112,20,S^b
Ind-112,30,S^b
Ind-112,40,S^b
Ind-112,50,S^b
Ind-112,60,S^b
Ind-112,70,S^b
Ind-112,80,S^b
Ind-112,90,S^b
Ind-112,100,S^b
Ind-113,10,S^b
Ind-113,20,S^b
Ind-113,30,S^b
Ind-113,40,S^b
Ind-113,50,S^b
Ind-113,60,S^b
Ind-113,70,S^b
Ind-113,80,S^b
Ind-113,90,S^b
Ind-113,100,S^b
Ind-114,10,S^b
Ind-114,20,S^b
Ind-114,30,S^b
Ind-114,40,S^b
Ind-114,50,S^b
Ind-114,60,S^b
Ind-114,70,S^b
Ind-114,80,S^b
Ind-114,90,S^b
Ind-114,100,S^b
Ind-115,10,S^b
Ind-115,20,S^b
Ind-115,30,S^b
Ind-115,40,S^b
Ind-115,50,S^b
Ind-115,60,S^b
Ind-115,70,S^b
Ind-115,80,R
Ind-115,90,R
Ind-115,100,R
Ind-116,10,S^b
Ind-116,20,S^b
Ind-116,30,S^b
Ind-116,40,S^b
Ind-116,50,S^b
Ind-116,60,S^b
Ind-116,70,S^b
Ind-116,80,I^b
Ind-116,90,R
Ind-116,100,R
Ind-117,10,S^b
Ind-117,20,S^b
Ind-117,30,S^b
Ind-117,40,S^b
Ind-117,50,S^b
Ind-117,60,S^b
Ind-117,70,R
Ind-117,80,R
Ind-117,90,R
Ind-117,100,R
Ind-118,10,S^b
Ind-118,20,S^b
Ind-118,30,S^b
Ind-118,40,S^b
Ind-118,50,S^b
Ind-118,60,I^b
Ind-118,70,R
Ind-118,80,R
Ind-118,90,R
Ind-118,100,R
Ind-119,10,S^b
Ind-119,20,S^b
Ind-119,30,S^b
Ind-119,40,S^b
Ind-119,50,S^b
Ind-119,60,S^b
Ind-119,70,S^b
Ind-119,80,S^b
Ind-119,90,S^b
Ind-119,100,S^b
Ind-120,10,S^b
Ind-120,20,S^b
Ind-120,30,S^b
Ind-120,40,S^b
Ind-120,50,S^b
Ind-120,60,S^b
Ind-120,70,S^b
Ind-120,80,S^b
Ind-120,90,S^b
Ind-120,100,S^b
Ind-121,10,S^b
Ind-121,20,S^b
Ind-121,30,S^b
Ind-121,40,I^b
Ind-121,50,I^b
Ind-121,60,R
Ind-121,70,R
Ind-121,80,R
Ind-121,90,R
Ind-121,100,R
Ind-122,10,S^b
Ind-122,20,S^b
Ind-122,30,S^b
Ind-122,40,S^b
Ind-122,50,I^b
Ind-122,60,I^b
Ind-122,70,R
Ind-122,80,R
Ind-122,90,R
Ind-122,100,R
Ind-123,10,S^b
Ind-123,20,S^b
Ind-123,30,S^b
Ind-123,40,S^b
Ind-123,50,I^b
Ind-123,60,I^b
Ind-123,70,I^b
Ind-123,80,I^b
Ind-123,90,R
Ind-123,100,R
Ind-124,10,S^b
Ind-124,20,S^b
Ind-124,30,S^b
Ind-124,40,S^b
Ind-124,50,S^b
Ind-124,60,S^b
Ind-124,70,S^b
Ind-124,80,S^b
Ind-124,90,I^b
Ind-124,100,I^b
Ind-125,10,S^b
Ind-125,20,S^b
Ind-125,30,S^b
Ind-125,40,S^b
Ind-125,50,S^b
Ind-125,60,S^b
Ind-125,70,I^b
Ind-125,80,R
Ind-125,90,R
Ind-125,100,R
Ind-126,10,S^b
Ind-126,20,S^b
Ind-126,30,S^b
Ind-126,40,S^b
Ind-126,50,I^b
Ind-126,60,I^b
Ind-126,70,R
Ind-126,80,R
Ind-126,90,R
Ind-126,100,R
Ind-127,10,S^b
Ind-127,20,S^b
Ind-127,30,S^b
Ind-127,40,S^b
Ind-127,50,I^b
Ind-127,60,R
Ind-127,70,R
Ind-127,80,R
Ind-127,90,R
Ind-127,100,R
Ind-128,10,I^b
Ind-128,20,R
Ind-128,30,R
Ind-128,40,R
Ind-128,50,R
Ind-128,60,R
Ind-128,70,R
Ind-128,80,R
Ind-128,90,R
Ind-128,100,R
Ind-129,10,S^b
Ind-129,20,S^b
Ind-129,30,S^b
Ind-129,40,S^b
Ind-129,50,S^b
Ind-129,60,I^b
Ind-129,70,I^b
Ind-129,80,I^b
Ind-129,90,I^b
Ind-129,100,I^b
Ind-130,10,S^b
Ind-130,20,S^b
Ind-130,30,S^b
Ind-130,40,S^b
Ind-130,50,S^b
Ind-130,60,S^b
Ind-130,70,S^b
Ind-130,80,S^b
Ind-130,90,S^b
Ind-130,100,R
Ind-131,10,S^b
Ind-131,20,S^b
Ind-131,30,S^b
Ind-131,40,S^b
Ind-131,50,S^b
Ind-131,60,S^b
Ind-131,70,S^b
Ind-131,80,S^b
Ind-131,90,S^b
Ind-131,100,S^b
Ind-132,10,S^b
Ind-132,20,S^b
Ind-132,30,S^b
Ind-132,40,S^b
Ind-132,50,S^b
Ind-132,60,S^b
Ind-132,70,I^b
Ind-132,80,I^b
Ind-132,90,R
Ind-132,100,R
Ind-133,10,S^b
Ind-133,20,S^b
Ind-133,30,S^b
Ind-133,40,S^b
Ind-133,50,S^b
Ind-133,60,S^b
Ind-133,70,S^b
Ind-133,80,I^b
Ind-133,90,I^b
Ind-133,100,I^b
Ind-134,10,S^b
Ind-134,20,S^b
Ind-134,30,S^b
Ind-134,40,S^b
Ind-134,50,S^b
Ind-134,60,S^b
Ind-134,70,S^b
Ind-134,80,S^b
Ind-134,90,S^b
Ind-134,100,S^b
Ind-135,10,S^b
Ind-135,20,S^b
Ind-135,30,S^b
Ind-135,40,S^b
Ind-135,50,S^b
Ind-135,60,S^b
Ind-135,70,R
Ind-135,80,R
Ind-135,90,R
Ind-135,100,R
Ind-136,10,S^b
Ind-136,20,S^b
Ind-136,30,S^b
Ind-136,40,S^b
Ind-136,50,S^b
Ind-136,60,S^b
Ind-136,70,S^b
Ind-136,80,S^b
Ind-136,90,S^b
Ind-136,100,S^b
Ind-137,10,S^b
Ind-137,20,S^b
Ind-137,30,S^b
Ind-137,40,S^b
Ind-137,50,S^b
Ind-137,60,S^b
Ind-137,70,S^b
Ind-137,80,S^b
Ind-137,90,S^b
Ind-137,100,S^b
Ind-138,10,S^b
Ind-138,20,S^b
Ind-138,30,S^b
Ind-138,40,S^b
Ind-138,50,S^b
Ind-138,60,I^b
Ind-138,70,I^b
Ind-138,80,I^b
Ind-138,90,I^b
Ind-138,100,I^b
Ind-139,10,S^b
Ind-139,20,S^b
Ind-139,30,S^b
Ind-139,40,S^b
Ind-139,50,I^b
Ind-139,60,I^b
Ind-139,70,I^b
Ind-139,80,I^b
Ind-139,90,I^b
Ind-139,100,R
Ind-140,10,S^b
Ind-140,20,S^b
Ind-140,30,S^b
Ind-140,40,S^b
Ind-140,50,S^b
Ind-140,60,S^b
Ind-140,70,S^b
Ind-140,80,S^b
Ind-140,90,S^b
Ind-140,100,S^b
Ind-141,10,S^b
Ind-141,20,S^b
Ind-141,30,S^b
Ind-141,40,S^b
Ind-141,50,S^b
Ind-141,60,S^b
Ind-141,70,S^b
Ind-141,80,S^b
Ind-141,90,S^b
Ind-141,100,S^b
Ind-142,10,I^b
Ind-142,20,R
Ind-142,30,R
Ind-142,40,R
Ind-142,50,R
Ind-142,60,R
Ind-142,70,R
Ind-142,80,R
Ind-142,90,R
Ind-142,100,R
Ind-143,10,S^b
Ind-143,20,S^b
Ind-143,30,S^b
Ind-143,40,S^b
Ind-143,50,S^b
Ind-143,60,S^b
Ind-143,70,S^b
Ind-143,80,I^b
Ind-143,90,R
Ind-143,100,R
Ind-144,10,S^b
Ind-144,20,S^b
Ind-144,30,S^b
Ind-144,40,S^b
Ind-144,50,S^b
Ind-144,60,S^b
Ind-144,70,S^b
Ind-144,80,S^b
Ind-144,90,S^b
Ind-144,100,S^b
Ind-145,10,S^b
Ind-145,20,S^b
Ind-145,30,S^b
Ind-145,40,S^b
Ind-145,50,S^b
Ind-145,60,S^b
Ind-145,70,S^b
Ind-145,80,I^b
Ind-145,90,R
Ind-145,100,R
Ind-146,10,S^b
Ind-146,20,S^b
Ind-146,30,S^b
Ind-146,40,S^b
Ind-146,50,S^b
Ind-146,60,S^b
Ind-146,70,S^b
Ind-146,80,S^b
Ind-146,90,S^b
Ind-146,100,S^b
Ind-147,10,S^b
Ind-147,20,S^b
Ind-147,30,S^b
Ind-147,40,S^b
Ind-147,50,S^b
Ind-147,60,S^b
Ind-147,70,S^b
Ind-147,80,I^b
Ind-147,90,I^b
Ind-147,100,I^b
Ind-148,10,S^b
Ind-148,20,S^b
Ind-148,30,S^b
Ind-148,40,S^b
Ind-148,50,S^b
Ind-148,60,S^b
Ind-148,70,S^b
Ind-148,80,S^b
Ind-148,90,S^b
Ind-148,100,S^b
Ind-149,10,S^b
Ind-149,20,S^b
Ind-149,30,S^b
Ind-149,40,S^b
Ind-149,50,I^b
Ind-149,60,I^b
Ind-149,70,I^b
Ind-149,80,R
Ind-149,90,R
Ind-149,100,R
Ind-150,10,S^b
Ind-150,20,S^b
Ind-150,30,S^b
Ind-150,40,S^b
Ind-150,50,S^b
Ind-150,60,S^b
Ind-150,70,I^b
Ind-150,80,R
Ind-150,90,R
Ind-150,100,R
Ind-151,10,S^b
Ind-151,20,S^b
Ind-151,30,S^b
Ind-151,40,S^b
Ind-151,50,S^b
Ind-151,60,S^b
Ind-151,70,S^b
Ind-151,80,S^b
Ind-151,90,S^b
Ind-151,100,S^b
Ind-152,10,S^b
Ind-152,20,S^b
Ind-152,30,S^b
Ind-152,40,S^b
Ind-152,50,I^b
Ind-152,60,I^b
Ind-152,70,I^b
Ind-152,80,I^b
Ind-152,90,I^b
Ind-152,100,R
Ind-153,10,S^b
Ind-153,20,I^b
Ind-153,30,I^b
Ind-153,40,I^b
Ind-153,50,I^b
Ind-153,60,I^b
Ind-153,70,R
Ind-153,80,R
Ind-153,90,R
Ind-153,100,R
Ind-154,10,S^b
Ind-154,20,S^b
Ind-154,30,S^b
Ind-154,40,S^b
Ind-154,50,S^b
Ind-154,60,I^b
Ind-154,70,R
Ind-154,80,R
Ind-154,90,R
Ind-154,100,R
Ind-155,10,S^b
Ind-155,20,S^b
Ind-155,30,S^b
Ind-155,40,S^b
Ind-155,50,S^b
Ind-155,60,S^b
Ind-155,70,S^b
Ind-155,80,S^b
Ind-155,90,S^b
Ind-155,100,S^b
Ind-156,10,S^b
Ind-156,20,S^b
Ind-156,30,S^b
Ind-156,40,S^b
Ind-156,50,S^b
Ind-156,60,S^b
Ind-156,70,S^b
Ind-156,80,I^b
Ind-156,90,R
Ind-156,100,R
Ind-157,10,S^b
Ind-157,20,S^b
Ind-157,30,S^b
Ind-157,40,S^b
Ind-157,50,S^b
Ind-157,60,S^b
Ind-157,70,I^b
Ind-157,80,R
Ind-157,90,R
Ind-157,100,R
Ind-158,10,S^b
Ind-158,20,S^b
Ind-158,30,I^b
Ind-158,40,I^b
Ind-158,50,I^b
Ind-158,60,R
Ind-158,70,R
Ind-158,80,R
Ind-158,90,R
Ind-158,100,R
Ind-159,10,S^b
Ind-159,20,S^b
Ind-159,30,S^b
Ind-159,40,S^b
Ind-159,50,S^b
Ind-159,60,S^b
Ind-159,70,S^b
Ind-159,80,I^b
Ind-159,90,I^b
Ind-159,100,R
Ind-160,10,S^b
Ind-160,20,S^b
Ind-160,30,S^b
Ind-160,40,S^b
Ind-160,50,S^b
Ind-160,60,S^b
Ind-160,70,S^b
Ind-160,80,S^b
Ind-160,90,S^b
Ind-160,100,S^b
Ind-161,10,S^b
Ind-161,20,S^b
Ind-161,30,S^b
Ind-161,40,S^b
Ind-161,50,S^b
Ind-161,60,I^b
Ind-161,70,I^b
Ind-161,80,I^b
Ind-161,90,I^b
Ind-161,100,I^b
Ind-162,10,S^b
Ind-162,20,S^b
Ind-162,30,S^b
Ind-162,40,S^b
Ind-162,50,S^b
Ind-162,60,S^b
Ind-162,70,S^b
Ind-162,80,S^b
Ind-162,90,S^b
Ind-162,100,S^b
Ind-163,10,S^b
Ind-163,20,I^b
Ind-163,30,I^b
Ind-163,40,R
Ind-163,50,R
Ind-163,60,R
Ind-163,70,R
Ind-163,80,R
Ind-163,90,R
Ind-163,100,R
Ind-164,10,S^b
Ind-164,20,S^b
Ind-164,30,S^b
Ind-164,40,S^b
Ind-164,50,I^b
Ind-164,60,I^b
Ind-164,70,I^b
Ind-164,80,R
Ind-164,90,R
Ind-164,100,R
Ind-165,10,S^b
Ind-165,20,S^b
Ind-165,30,S^b
Ind-165,40,S^b
Ind-165,50,I^b
Ind-165,60,R
Ind-165,70,R
Ind-165,80,R
Ind-165,90,R
Ind-165,100,R
Ind-166,10,S^b
Ind-166,20,S^b
Ind-166,30,S^b
Ind-166,40,S^b
Ind-166,50,S^b
Ind-166,60,S^b
Ind-166,70,S^b
Ind-166,80,S^b
Ind-166,90,S^b
Ind-166,100,I^b
Ind-167,10,S^b
Ind-167,20,S^b
Ind-167,30,S^b
Ind-167,40,S^b
Ind-167,50,S^b
Ind-167,60,S^b
Ind-167,70,S^b
Ind-167,80,S^b
Ind-167,90,I^b
Ind-167,100,I^b
Ind-168,10,S^b
Ind-168,20,S^b
Ind-168,30,S^b
Ind-168,40,S^b
Ind-168,50,S^b
Ind-168,60,S^b
Ind-168,70,S^b
Ind-168,80,S^b
Ind-168,90,S^b
Ind-168,100,S^b
Ind-169,10,S^b
Ind-169,20,S^b
Ind-169,30,S^b
Ind-169,40,S^b
Ind-169,50,S^b
Ind-169,60,S^b
Ind-169,70,S^b
Ind-169,80,S^b
Ind-169,90,S^b
Ind-169,100,S^b
Ind-170,10,S^b
Ind-170,20,S^b
Ind-170,30,S^b
Ind-170,40,S^b
Ind-170,50,S^b
Ind-170,60,S^b
Ind-170,70,S^b
Ind-170,80,S^b
Ind-170,90,S^b
Ind-170,100,S^b
Ind-171,10,S^b
Ind-171,20,S^b
Ind-171,30,S^b
Ind-171,40,S^b
Ind-171,50,S^b
Ind-171,60,S^b
Ind-171,70,S^b
Ind-171,80,I^b
Ind-171,90,I^b
Ind-171,100,I^b
Ind-172,10,S^b
Ind-172,20,S^b
Ind-172,30,S^b
Ind-172,40,S^b
Ind-172,50,S^b
Ind-172,60,S^b
Ind-172,70,I^b
Ind-172,80,I^b
Ind-172,90,I^b
Ind-172,100,I^b
Ind-173,10,S^b
Ind-173,20,S^b
Ind-173,30,S^b
Ind-173,40,S^b
Ind-173,50,S^b
Ind-173,60,S^b
Ind-173,70,R
Ind-173,80,R
Ind-173,90,R
Ind-173,100,R
Ind-174,10,S^b
Ind-174,20,S^b
Ind-174,30,S^b
Ind-174,40,S^b
Ind-174,50,S^b
Ind-174,60,S^b
Ind-174,70,S^b
Ind-174,80,S^b
Ind-174,90,S^b
Ind-174,100,S^b
Ind-175,10,S^b
Ind-175,20,S^b
Ind-175,30,S^b
Ind-175,40,S^b
Ind-175,50,S^b
Ind-175,60,S^b
Ind-175,70,I^b
Ind-175,80,I^b
Ind-175,90,I^b
Ind-175,100,I^b
Ind-176,10,S^b
Ind-176,20,S^b
Ind-176,30,S^b
Ind-176,40,S^b
Ind-176,50,S^b
Ind-176,60,I^b
Ind-176,70,R
Ind-176,80,R
Ind-176,90,R
Ind-176,100,R
Ind-177,10,S^b
Ind-177,20,S^b
Ind-177,30,S^b
Ind-177,40,S^b
Ind-177,50,S^b
Ind-177,60,S^b
Ind-177,70,S^b
Ind-177,80,R
Ind-177,90,R
Ind-177,100,R
Ind-178,10,S^b
Ind-178,20,S^b
Ind-178,30,S^b
Ind-178,40,S^b
Ind-178,50,S^b
Ind-178,60,S^b
Ind-178,70,S^b
Ind-178,80,S^b
Ind-178,90,S^b
Ind-178,100,S^b
Ind-179,10,S^b
Ind-179,20,I^b
Ind-179,30,R
Ind-179,40,R
Ind-179,50,R
Ind-179,60,R
Ind-179,70,R
Ind-179,80,R
Ind-179,90,R
Ind-179,100,R
Ind-180,10,S^b
Ind-180,20,S^b
Ind-180,30,S^b
Ind-180,40,S^b
Ind-180,50,S^b
Ind-180,60,S^b
Ind-180,70,S^b
Ind-180,80,S^b
Ind-180,90,S^b
Ind-180,100,S^b
Ind-181,10,S^b
Ind-181,20,S^b
Ind-181,30,S^b
Ind-181,40,S^b
Ind-181,50,S^b
Ind-181,60,S^b
Ind-181,70,S^b
Ind-181,80,S^b
Ind-181,90,I^b
Ind-181,100,R
Ind-182,10,S^b
Ind-182,20,S^b
Ind-182,30,S^b
Ind-182,40,S^b
Ind-182,50,S^b
Ind-182,60,S^b
Ind-182,70,S^b
Ind-182,80,S^b
Ind-182,90,S^b
Ind-182,100,S^b
Ind-183,10,S^b
Ind-183,20,S^b
Ind-183,30,S^b
Ind-183,40,S^b
Ind-183,50,S^b
Ind-183,60,I^b
Ind-183,70,I^b
Ind-183,80,R
Ind-183,90,R
Ind-183,100,R
Ind-184,10,S^b
Ind-184,20,S^b
Ind-184,30,S^b
Ind-184,40,S^b
Ind-184,50,S^b
Ind-184,60,S^b
Ind-184,70,S^b
Ind-184,80,S^b
Ind-184,90,S^b
Ind-184,100,S^b
Ind-185,10,S^b
Ind-185,20,S^b
Ind-185,30,S^b
Ind-185,40,S^b
Ind-185,50,S^b
Ind-185,60,S^b
Ind-185,70,S^b
Ind-185,80,S^b
Ind-185,90,I^b
Ind-185,100,R
Ind-186,10,S^b
Ind-186,20,S^b
Ind-186,30,S^b
Ind-186,40,S^b
Ind-186,50,S^b
Ind-186,60,I^b
Ind-186,70,I^b
Ind-186,80,I^b
Ind-186,90,R
Ind-186,100,R
Ind-187,10,S^b
Ind-187,20,S^b
Ind-187,30,S^b
Ind-187,40,S^b
Ind-187,50,S^b
Ind-187,60,I^b
Ind-187,70,R
Ind-187,80,R
Ind-187,90,R
Ind-187,100,R
Ind-188,10,S^b
Ind-188,20,S^b
Ind-188,30,S^b
Ind-188,40,S^b
Ind-188,50,S^b
Ind-188,60,S^b
Ind-188,70,S^b
Ind-188,80,S^b
Ind-188,90,S^b
Ind-188,100,S^b
Ind-189,10,S^b
Ind-189,20,S^b
Ind-189,30,I^b
Ind-189,40,I^b
Ind-189,50,I^b
Ind-189,60,I^b
Ind-189,70,I^b
Ind-189,80,I^b
Ind-189,90,I^b
Ind-189,100,I^b
Ind-190,10,S^b
Ind-190,20,S^b
Ind-190,30,S^b
Ind-190,40,S^b
Ind-190,50,S^b
Ind-190,60,S^b
Ind-190,70,R
Ind-190,80,R
Ind-190,90,R
Ind-190,100,R
Ind-191,10,S^b
Ind-191,20,S^b
Ind-191,30,S^b
Ind-191,40,S^b
Ind-191,50,S^b
Ind-191,60,S^b
Ind-191,70,S^b
Ind-191,80,I^b
Ind-191,90,R
Ind-191,100,R
Ind-192,10,S^b
Ind-192,20,S^b
Ind-192,30,S^b
Ind-192,40,S^b
Ind-192,50,S^b
Ind-192,60,S^b
Ind-192,70,S^b
Ind-192,80,S^b
Ind-192,90,S^b
Ind-192,100,S^b
Ind-193,10,S^b
Ind-193,20,S^b
Ind-193,30,S^b
Ind-193,40,S^b
Ind-193,50,S^b
Ind-193,60,S^b
Ind-193,70,I^b
Ind-193,80,I^b
Ind-193,90,I^b
Ind-193,100,R
Ind-194,10,S^b
Ind-194,20,S^b
Ind-194,30,S^b
Ind-194,40,S^b
Ind-194,50,S^b
Ind-194,60,I^b
Ind-194,70,R
Ind-194,80,R
Ind-194,90,R
Ind-194,100,R
Ind-195,10,S^b
Ind-195,20,S^b
Ind-195,30,S^b
Ind-195,40,S^b
Ind-195,50,S^b
Ind-195,60,S^b
Ind-195,70,S^b
Ind-195,80,S^b
Ind-195,90,S^b
Ind-195,100,S^b
Ind-196,10,S^b
Ind-196,20,S^b
Ind-196,30,S^b
Ind-196,40,S^b
Ind-196,50,S^b
Ind-196,60,S^b
Ind-196,70,S^b
Ind-196,80,S^b
Ind-196,90,S^b
Ind-196,100,S^b
Ind-197,10,S^b
Ind-197,20,S^b
Ind-197,30,S^b
Ind-197,40,S^b
Ind-197,50,S^b
Ind-197,60,S^b
Ind-197,70,S^b
Ind-197,80,I^b
Ind-197,90,R
Ind-197,100,R
Ind-198,10,S^b
Ind-198,20,S^b
Ind-198,30,S^b
Ind-198,40,S^b
Ind-198,50,S^b
Ind-198,60,S^b
Ind-198,70,R
Ind-198,80,R
Ind-198,90,R
Ind-198,100,R
Ind-199,10,S^b
Ind-199,20,S^b
Ind-199,30,S^b
Ind-199,40,S^b
Ind-199,50,S^b
Ind-199,60,S^b
Ind-199,70,S^b
Ind-199,80,I^b
Ind-199,90,I^b
Ind-199,100,I^b
Ind-200,10,S^b
Ind-200,20,S^b
Ind-200,30,I^b
Ind-200,40,I^b
Ind-200,50,I^b
Ind-200,60,I^b
Ind-200,70,I^b
Ind-200,80,I^b
Ind-200,90,I^b
Ind-200,100,I^b
Ind-201,10,S^b
Ind-201,20,S^b
Ind-201,30,S^b
Ind-201,40,S^b
Ind-201,50,S^b
Ind-201,60,S^b
Ind-201,70,S^b
Ind-201,80,I^b
Ind-201,90,R
Ind-201,100,R
Ind-202,10,S^b
Ind-202,20,S^b
Ind-202,30,S^b
Ind-202,40,S^b
Ind-202,50,S^b
Ind-202,60,R
Ind-202,70,R
Ind-202,80,R
Ind-202,90,R
Ind-202,100,R
Ind-203,10,S^b
Ind-203,20,S^b
Ind-203,30,S^b
Ind-203,40,I^b
Ind-203,50,R
Ind-203,60,R
Ind-203,70,R
Ind-203,80,R
Ind-203,90,R
Ind-203,100,R
Ind-204,10,S^b
Ind-204,20,S^b
Ind-204,30,S^b
Ind-204,40,S^b
Ind-204,50,S^b
Ind-204,60,S^b
Ind-204,70,S^b
Ind-204,80,S^b
Ind-204,90,S^b
Ind-204,100,R
Ind-205,10,S^b
Ind-205,20,S^b
Ind-205,30,S^b
Ind-205,40,S^b
Ind-205,50,S^b
Ind-205,60,S^b
Ind-205,70,S^b
Ind-205,80,R
Ind-205,90,R
Ind-205,100,R
Ind-206,10,S^b
Ind-206,20,S^b
Ind-206,30,S^b
Ind-206,40,S^b
Ind-206,50,S^b
Ind-206,60,S^b
Ind-206,70,R
Ind-206,80,R
Ind-206,90,R
Ind-206,100,R
Ind-207,10,S^b
Ind-207,20,S^b
Ind-207,30,S^b
Ind-207,40,S^b
Ind-207,50,S^b
Ind-207,60,S^b
Ind-207,70,R
Ind-207,80,R
Ind-207,90,R
Ind-207,100,R
Ind-208,10,S^b
Ind-208,20,S^b
Ind-208,30,S^b
Ind-208,40,S^b
Ind-208,50,R
Ind-208,60,R
Ind-208,70,R
Ind-208,80,R
Ind-208,90,R
Ind-208,100,R
Ind-209,10,S^b
Ind-209,20,S^b
Ind-209,30,S^b
Ind-209,40,S^b
Ind-209,50,S^b
Ind-209,60,I^b
Ind-209,70,I^b
Ind-209,80,R
Ind-209,90,R
Ind-209,100,R
Ind-210,10,S^b
Ind-210,20,S^b
Ind-210,30,S^b
Ind-210,40,S^b
Ind-210,50,R
Ind-210,60,R
Ind-210,70,R
Ind-210,80,R
Ind-210,90,R
Ind-210,100,R
Ind-211,10,S^b
Ind-211,20,S^b
Ind-211,30,S^b
Ind-211,40,S^b
Ind-211,50,S^b
Ind-211,60,S^b
Ind-211,70,I^b
Ind-211,80,R
Ind-211,90,R
Ind-211,100,R
Ind-212,10,S^b
Ind-212,20,S^b
Ind-212,30,S^b
Ind-212,40,S^b
Ind-212,50,S^b
Ind-212,60,R
Ind-212,70,R
Ind-212,80,R
Ind-212,90,R
Ind-212,100,R
Ind-213,10,S^b
Ind-213,20,S^b
Ind-213,30,S^b
Ind-213,40,S^b
Ind-213,50,S^b
Ind-213,60,S^b
Ind-213,70,S^b
Ind-213,80,S^b
Ind-213,90,S^b
Ind-213,100,S^b
Ind-214,10,S^b
Ind-214,20,S^b
Ind-214,30,S^b
Ind-214,40,S^b
Ind-214,50,S^b
Ind-214,60,R
Ind-214,70,R
Ind-214,80,R
Ind-214,90,R
Ind-214,100,R
Ind-215,10,S^b
Ind-215,20,S^b
Ind-215,30,S^b
Ind-215,40,S^b
Ind-215,50,S^b
Ind-215,60,S^b
Ind-215,70,S^b
Ind-215,80,S^b
Ind-215,90,S^b
Ind-215,100,S^b
Ind-216,10,S^b
Ind-216,20,S^b
Ind-216,30,S^b
Ind-216,40,S^b
Ind-216,50,S^b
Ind-216,60,I^b
Ind-216,70,I^b
Ind-216,80,I^b
Ind-216,90,R
Ind-216,100,R
Ind-217,10,S^b
Ind-217,20,S^b
Ind-217,30,S^b
Ind-217,40,S^b
Ind-217,50,S^b
Ind-217,60,S^b
Ind-217,70,S^b
Ind-217,80,I^b
Ind-217,90,R
Ind-217,100,R
Ind-218,10,S^b
Ind-218,20,S^b
Ind-218,30,S^b
Ind-218,40,S^b
Ind-218,50,S^b
Ind-218,60,S^b
Ind-218,70,S^b
Ind-218,80,S^b
Ind-218,90,S^b
Ind-218,100,S^b
Ind-219,10,S^b
Ind-219,20,S^b
Ind-219,30,S^b
Ind-219,40,S^b
Ind-219,50,S^b
Ind-219,60,S^b
Ind-219,70,I^b
Ind-219,80,I^b
Ind-219,90,I^b
Ind-219,100,R
Ind-220,10,S^b
Ind-220,20,S^b
Ind-220,30,S^b
Ind-220,40,S^b
Ind-220,50,S^b
Ind-220,60,I^b
Ind-220,70,R
Ind-220,80,R
Ind-220,90,R
Ind-220,100,R
Ind-221,10,S^b
Ind-221,20,S^b
Ind-221,30,S^b
Ind-221,40,S^b
Ind-221,50,S^b
Ind-221,60,S^b
Ind-221,70,S^b
Ind-221,80,I^b
Ind-221,90,R
Ind-221,100,R
Ind-222,10,S^b
Ind-222,20,S^b
Ind-222,30,S^b
Ind-222,40,S^b
Ind-222,50,I^b
Ind-222,60,I^b
Ind-222,70,R
Ind-222,80,R
Ind-222,90,R
Ind-222,100,R
Ind-223,10,S^b
Ind-223,20,S^b
Ind-223,30,S^b
Ind-223,40,S^b
Ind-223,50,S^b
Ind-223,60,S^b
Ind-223,70,S^b
Ind-223,80,S^b
Ind-223,90,S^b
Ind-223,100,S^b
Ind-224,10,S^b
Ind-224,20,S^b
Ind-224,30,S^b
Ind-224,40,S^b
Ind-224,50,S^b
Ind-224,60,I^b
Ind-224,70,I^b
Ind-224,80,I^b
Ind-224,90,I^b
Ind-224,100,I^b
Ind-225,10,S^b
Ind-225,20,S^b
Ind-225,30,S^b
Ind-225,40,S^b
Ind-225,50,S^b
Ind-225,60,S^b
Ind-225,70,S^b
Ind-225,80,S^b
Ind-225,90,I^b
Ind-225,100,I^b
Ind-226,10,S^b
Ind-226,20,S^b
Ind-226,30,S^b
Ind-226,40,S^b
Ind-226,50,S^b
Ind-226,60,S^b
Ind-226,70,S^b
Ind-226,80,S^b
Ind-226,90,I^b
Ind-226,100,I^b
Ind-227,10,S^b
Ind-227,20,S^b
Ind-227,30,S^b
Ind-227,40,S^b
Ind-227,50,S^b
Ind-227,60,R
Ind-227,70,R
Ind-227,80,R
Ind-227,90,R
Ind-227,100,R
Ind-228,10,S^b
Ind-228,20,S^b
Ind-228,30,S^b
Ind-228,40,S^b
Ind-228,50,S^b
Ind-228,60,S^b
Ind-228,70,S^b
Ind-228,80,S^b
Ind-228,90,S^b
Ind-228,100,S^b
Ind-229,10,S^b
Ind-229,20,S^b
Ind-229,30,S^b
Ind-229,40,S^b
Ind-229,50,S^b
Ind-229,60,S^b
Ind-229,70,S^b
Ind-229,80,S^b
Ind-229,90,S^b
Ind-229,100,S^b
Ind-230,10,S^b
Ind-230,20,S^b
Ind-230,30,S^b
Ind-230,40,S^b
Ind-230,50,I^b
Ind-230,60,I^b
Ind-230,70,I^b
Ind-230,80,I^b
Ind-230,90,I^b
Ind-230,100,I^b
Ind-231,10,S^b
Ind-231,20,S^b
Ind-231,30,S^b
Ind-231,40,S^b
Ind-231,50,S^b
Ind-231,60,S^b
Ind-231,70,S^b
Ind-231,80,R
Ind-231,90,R
Ind-231,100,R
Ind-232,10,S^b
Ind-232,20,S^b
Ind-232,30,S^b
Ind-232,40,S^b
Ind-232,50,S^b
Ind-232,60,R
Ind-232,70,R
Ind-232,80,R
Ind-232,90,R
Ind-232,100,R
Ind-233,10,S^b
Ind-233,20,S^b
Ind-233,30,S^b
Ind-233,40,S^b
Ind-233,50,S^b
Ind-233,60,S^b
Ind-233,70,S^b
Ind-233,80,S^b
Ind-233,90,S^b
Ind-233,100,S^b
Ind-234,10,S^b
Ind-234,20,S^b
Ind-234,30,S^b
Ind-234,40,S^b
Ind-234,50,R
Ind-234,60,R
Ind-234,70,R
Ind-234,80,R
Ind-234,90,R
Ind-234,100,R
Ind-235,10,S^b
Ind-235,20,S^b
Ind-235,30,S^b
Ind-235,40,S^b
Ind-235,50,S^b
Ind-235,60,S^b
Ind-235,70,S^b
Ind-235,80,S^b
Ind-235,90,S^b
Ind-235,100,S^b
Ind-236,10,S^b
Ind-236,20,S^b
Ind-236,30,S^b
Ind-236,40,S^b
Ind-236,50,S^b
Ind-236,60,S^b
Ind-236,70,I^b
Ind-236,80,I^b
Ind-236,90,R
Ind-236,100,R
Ind-237,10,S^b
Ind-237,20,S^b
Ind-237,30,S^b
Ind-237,40,S^b
Ind-237,50,S^b
Ind-237,60,S^b
Ind-237,70,S^b
Ind-237,80,S^b
Ind-237,90,S^b
Ind-237,100,S^b
Ind-238,10,S^b
Ind-238,20,S^b
Ind-238,30,S^b
Ind-238,40,S^b
Ind-238,50,S^b
Ind-238,60,S^b
Ind-238,70,S^b
Ind-238,80,S^b
Ind-238,90,S^b
Ind-238,100,R
Ind-239,10,S^b
Ind-239,20,S^b
Ind-239,30,S^b
Ind-239,40,S^b
Ind-239,50,S^b
Ind-239,60,S^b
Ind-239,70,S^b
Ind-239,80,I^b
Ind-239,90,I^b
Ind-239,100,I^b
Ind-240,10,S^b
Ind-240,20,S^b
Ind-240,30,S^b
Ind-240,40,S^b
Ind-240,50,S^b
Ind-240,60,S^b
Ind-240,70,S^b
Ind-240,80,S^b
Ind-240,90,S^b
Ind-240,100,S^b
Ind-241,10,S^b
Ind-241,20,S^b
Ind-241,30,S^b
Ind-241,40,S^b
Ind-241,50,S^b
Ind-241,60,S^b
Ind-241,70,S^b
Ind-241,80,S^b
Ind-241,90,S^b
Ind-241,100,S^b
Ind-242,10,S^b
Ind-242,20,S^b
Ind-242,30,S^b
Ind-242,40,I^b
Ind-242,50,I^b
Ind-242,60,R
Ind-242,70,R
Ind-242,80,R
Ind-242,90,R
Ind-242,100,R
Ind-243,10,S^b
Ind-243,20,S^b
Ind-243,30,S^b
Ind-243,40,I^b
Ind-243,50,I^b
Ind-243,60,I^b
Ind-243,70,I^b
Ind-243,80,I^b
Ind-243,90,I^b
Ind-243,100,R
Ind-244,10,S^b
Ind-244,20,S^b
Ind-244,30,S^b
Ind-244,40,S^b
Ind-244,50,S^b
Ind-244,60,S^b
Ind-244,70,S^b
Ind-244,80,S^b
Ind-244,90,I^b
Ind-244,100,I^b
Ind-245,10,S^b
Ind-245,20,S^b
Ind-245,30,S^b
Ind-245,40,S^b
Ind-245,50,S^b
Ind-245,60,S^b
Ind-245,70,I^b
Ind-245,80,I^b
Ind-245,90,R
Ind-245,100,R
Ind-246,10,S^b
Ind-246,20,S^b
Ind-246,30,S^b
Ind-246,40,S^b
Ind-246,50,S^b
Ind-246,60,I^b
Ind-246,70,I^b
Ind-246,80,I^b
Ind-246,90,R
Ind-246,100,R
Ind-247,10,S^b
Ind-247,20,S^b
Ind-247,30,S^b
Ind-247,40,S^b
Ind-247,50,S^b
Ind-247,60,S^b
Ind-247,70,S^b
Ind-247,80,S^b
Ind-247,90,I^b
Ind-247,100,R
Ind-248,10,S^b
Ind-248,20,S^b
Ind-248,30,S^b
Ind-248,40,S^b
Ind-248,50,S^b
Ind-248,60,S^b
Ind-248,70,S^b
Ind-248,80,S^b
Ind-248,90,R
Ind-248,100,R
Ind-249,10,S^b
Ind-249,20,S^b
Ind-249,30,S^b
Ind-249,40,S^b
Ind-249,50,S^b
Ind-249,60,I^b
Ind-249,70,R
Ind-249,80,R
Ind-249,90,R
Ind-249,100,R
Ind-250,10,S^b
Ind-250,20,S^b
Ind-250,30,S^b
Ind-250,40,S^b
Ind-250,50,S^b
Ind-250,60,S^b
Ind-250,70,S^b
Ind-250,80,I^b
Ind-250,90,I^b
Ind-250,100,R
Ind-251,10,S^b
Ind-251,20,S^b
Ind-251,30,S^b
Ind-251,40,S^b
Ind-251,50,I^b
Ind-251,60,R
Ind-251,70,R
Ind-251,80,R
Ind-251,90,R
Ind-251,100,R
Ind-252,10,S^b
Ind-252,20,S^b
Ind-252,30,S^b
Ind-252,40,S^b
Ind-252,50,S^b
Ind-252,60,S^b
Ind-252,70,S^b
Ind-252,80,S^b
Ind-252,90,S^b
Ind-252,100,S^b
Ind-253,10,S^b
Ind-253,20,S^b
Ind-253,30,S^b
Ind-253,40,S^b
Ind-253,50,S^b
Ind-253,60,S^b
Ind-253,70,S^b
Ind-253,80,I^b
Ind-253,90,I^b
Ind-253,100,R
Ind-254,10,S^b
Ind-254,20,S^b
Ind-254,30,S^b
Ind-254,40,S^b
Ind-254,50,S^b
Ind-254,60,S^b
Ind-254,70,I^b
Ind-254,80,I^b
Ind-254,90,R
Ind-254,100,R
Ind-255,10,S^b
Ind-255,20,S^b
Ind-255,30,S^b
Ind-255,40,S^b
Ind-255,50,S^b
Ind-255,60,S^b
Ind-255,70,S^b
Ind-255,80,S^b
Ind-255,90,S^b
Ind-255,100,S^b
Ind-256,10,S^b
Ind-256,20,S^b
Ind-256,30,S^b
Ind-256,40,S^b
Ind-256,50,S^b
Ind-256,60,S^b
Ind-256,70,S^b
Ind-256,80,S^b
Ind-256,90,S^b
Ind-256,100,S^b
Ind-257,10,S^b
Ind-257,20,S^b
Ind-257,30,S^b
Ind-257,40,S^b
Ind-257,50,S^b
Ind-257,60,S^b
Ind-257,70,S^b
Ind-257,80,R
Ind-257,90,R
Ind-257,100,R
Ind-258,10,S^b
Ind-258,20,S^b
Ind-258,30,S^b
Ind-258,40,S^b
Ind-258,50,S^b
Ind-258,60,S^b
Ind-258,70,S^b
Ind-258,80,S^b
Ind-258,90,S^b
Ind-258,100,S^b
Ind-259,10,S^b
Ind-259,20,S^b
Ind-259,30,R
Ind-259,40,R
Ind-259,50,R
Ind-259,60,R
Ind-259,70,R
Ind-259,80,R
Ind-259,90,R
Ind-259,100,R
Ind-260,10,S^b
Ind-260,20,S^b
Ind-260,30,S^b
Ind-260,40,S^b
Ind-260,50,S^b
Ind-260,60,S^b
Ind-260,70,S^b
Ind-260,80,S^b
Ind-260,90,I^b
Ind-260,100,R
Ind-261,10,S^b
Ind-261,20,S^b
Ind-261,30,S^b
Ind-261,40,S^b
Ind-261,50,S^b
Ind-261,60,S^b
Ind-261,70,S^b
Ind-261,80,S^b
Ind-261,90,S^b
Ind-261,100,S^b
Ind-262,10,S^b
Ind-262,20,S^b
Ind-262,30,S^b
Ind-262,40,S^b
Ind-262,50,S^b
Ind-262,60,I^b
Ind-262,70,I^b
Ind-262,80,R
Ind-262,90,R
Ind-262,100,R
Ind-263,10,S^b
Ind-263,20,S^b
Ind-263,30,S^b
Ind-263,40,S^b
Ind-263,50,I^b
Ind-263,60,I^b
Ind-263,70,I^b
Ind-263,80,I^b
Ind-263,90,R
Ind-263,100,R
Ind-264,10,S^b
Ind-264,20,S^b
Ind-264,30,S^b
Ind-264,40,S^b
Ind-264,50,I^b
Ind-264,60,I^b
Ind-264,70,I^b
Ind-264,80,R
Ind-264,90,R
Ind-264,100,R
Ind-265,10,S^b
Ind-265,20,S^b
Ind-265,30,S^b
Ind-265,40,S^b
Ind-265,50,S^b
Ind-265,60,R
Ind-265,70,R
Ind-265,80,R
Ind-265,90,R
Ind-265,100,R
Ind-266,10,S^b
Ind-266,20,S^b
Ind-266,30,S^b
Ind-266,40,S^b
Ind-266,50,S^b
Ind-266,60,S^b
Ind-266,70,S^b
Ind-266,80,S^b
Ind-266,90,S^b
Ind-266,100,I^b
Ind-267,10,S^b
Ind-267,20,S^b
Ind-267,30,S^b
Ind-267,40,S^b
Ind-267,50,S^b
Ind-267,60,S^b
Ind-267,70,S^b
Ind-267,80,S^b
Ind-267,90,S^b
Ind-267,100,S^b
Ind-268,10,S^b
Ind-268,20,S^b
Ind-268,30,S^b
Ind-268,40,S^b
Ind-268,50,S^b
Ind-268,60,I^b
Ind-268,70,R
Ind-268,80,R
Ind-268,90,R
Ind-268,100,R
Ind-269,10,S^b
Ind-269,20,S^b
Ind-269,30,S^b
Ind-269,40,S^b
Ind-269,50,S^b
Ind-269,60,S^b
Ind-269,70,S^b
Ind-269,80,I^b
Ind-269,90,R
Ind-269,100,R
Ind-270,10,S^b
Ind-270,20,S^b
Ind-270,30,S^b
Ind-270,40,S^b
Ind-270,50,S^b
Ind-270,60,S^b
Ind-270,70,S^b
Ind-270,80,S^b
Ind-270,90,S^b
Ind-270,100,I^b
Ind-271,10,S^b
Ind-271,20,S^b
Ind-271,30,S^b
Ind-271,40,S^b
Ind-271,50,S^b
Ind-271,60,S^b
Ind-271,70,S^b
Ind-271,80,S^b
Ind-271,90,S^b
Ind-271,100,S^b
Ind-272,10,S^b
Ind-272,20,S^b
Ind-272,30,S^b
Ind-272,40,S^b
Ind-272,50,S^b
Ind-272,60,I^b
Ind-272,70,I^b
Ind-272,80,I^b
Ind-272,90,R
Ind-272,100,R
Ind-273,10,S^b
Ind-273,20,S^b
Ind-273,30,S^b
Ind-273,40,S^b
Ind-273,50,S^b
Ind-273,60,S^b
Ind-273,70,R
Ind-273,80,R
Ind-273,90,R
Ind-273,100,R
Ind-274,10,S^b
Ind-274,20,S^b
Ind-274,30,S^b
Ind-274,40,S^b
Ind-274,50,S^b
Ind-274,60,S^b
Ind-274,70,S^b
Ind-274,80,S^b
Ind-274,90,S^b
Ind-274,100,S^b
Ind-275,10,S^b
Ind-275,20,S^b
Ind-275,30,S^b
Ind-275,40,S^b
Ind-275,50,S^b
Ind-275,60,S^b
Ind-275,70,I^b
Ind-275,80,R
Ind-275,90,R
Ind-275,100,R
Ind-276,10,S^b
Ind-276,20,S^b
Ind-276,30,S^b
Ind-276,40,S^b
Ind-276,50,S^b
Ind-276,60,S^b
Ind-276,70,S^b
Ind-276,80,S^b
Ind-276,90,S^b
Ind-276,100,S^b
Ind-277,10,S^b
Ind-277,20,S^b
Ind-277,30,S^b
Ind-277,40,S^b
Ind-277,50,S^b
Ind-277,60,I^b
Ind-277,70,R
Ind-277,80,R
Ind-277,90,R
Ind-277,100,R
Ind-278,10,S^b
Ind-278,20,S^b
Ind-278,30,S^b
Ind-278,40,S^b
Ind-278,50,S^b
Ind-278,60,S^b
Ind-278,70,S^b
Ind-278,80,S^b
Ind-278,90,S^b
Ind-278,100,S^b
Ind-279,10,S^b
Ind-279,20,S^b
Ind-279,30,S^b
Ind-279,40,S^b
Ind-279,50,S^b
Ind-279,60,S^b
Ind-279,70,I^b
Ind-279,80,I^b
Ind-279,90,I^b
Ind-279,100,I^b
Ind-280,10,S^b
Ind-280,20,S^b
Ind-280,30,S^b
Ind-280,40,S^b
Ind-280,50,S^b
Ind-280,60,S^b
Ind-280,70,S^b
Ind-280,80,S^b
Ind-280,90,S^b
Ind-280,100,S^b
Ind-281,10,S^b
Ind-281,20,S^b
Ind-281,30,S^b
Ind-281,40,I^b
Ind-281,50,R
Ind-281,60,R
Ind-281,70,R
Ind-281,80,R
Ind-281,90,R
Ind-281,100,R
Ind-282,10,S^b
Ind-282,20,S^b
Ind-282,30,S^b
Ind-282,40,S^b
Ind-282,50,S^b
Ind-282,60,S^b
Ind-282,70,S^b
Ind-282,80,S^b
Ind-282,90,I^b
Ind-282,100,I^b
Ind-283,10,S^b
Ind-283,20,S^b
Ind-283,30,S^b
Ind-283,40,S^b
Ind-283,50,S^b
Ind-283,60,S^b
Ind-283,70,I^b
Ind-283,80,I^b
Ind-283,90,I^b
Ind-283,100,I^b
Ind-284,10,S^b
Ind-284,20,S^b
Ind-284,30,S^b
Ind-284,40,S^b
Ind-284,50,S^b
Ind-284,60,S^b
Ind-284,70,I^b
Ind-284,80,R
Ind-284,90,R
Ind-284,100,R
Ind-285,10,S^b
Ind-285,20,S^b
Ind-285,30,S^b
Ind-285,40,S^b
Ind-285,50,S^b
Ind-285,60,S^b
Ind-285,70,S^b
Ind-285,80,I^b
Ind-285,90,I^b
Ind-285,100,R
Ind-286,10,S^b
Ind-286,20,S^b
Ind-286,30,S^b
Ind-286,40,S^b
Ind-286,50,S^b
Ind-286,60,S^b
Ind-286,70,S^b
Ind-286,80,S^b
Ind-286,90,S^b
Ind-286,100,S^b
Ind-287,10,S^b
Ind-287,20,S^b
Ind-287,30,S^b
Ind-287,40,S^b
Ind-287,50,S^b
Ind-287,60,S^b
Ind-287,70,S^b
Ind-287,80,S^b
Ind-287,90,S^b
Ind-287,100,S^b
Ind-288,10,S^b
Ind-288,20,S^b
Ind-288,30,S^b
Ind-288,40,S^b
Ind-288,50,I^b
Ind-288,60,I^b
Ind-288,70,I^b
Ind-288,80,I^b
Ind-288,90,R
Ind-288,100,R
Ind-289,10,S^b
Ind-289,20,S^b
Ind-289,30,S^b
Ind-289,40,S^b
Ind-289,50,S^b
Ind-289,60,S^b
Ind-289,70,S^b
Ind-289,80,S^b
Ind-289,90,I^b
Ind-289,100,I^b
Ind-290,10,S^b
Ind-290,20,S^b
Ind-290,30,S^b
Ind-290,40,S^b
Ind-290,50,S^b
Ind-290,60,S^b
Ind-290,70,S^b
Ind-290,80,S^b
Ind-290,90,S^b
Ind-290,100,R
Ind-291,10,S^b
Ind-291,20,S^b
Ind-291,30,S^b
Ind-291,40,S^b
Ind-291,50,S^b
Ind-291,60,S^b
Ind-291,70,S^b
Ind-291,80,S^b
Ind-291,90,R
Ind-291,100,R
Ind-292,10,S^b
Ind-292,20,S^b
Ind-292,30,S^b
Ind-292,40,S^b
Ind-292,50,S^b
Ind-292,60,S^b
Ind-292,70,I^b
Ind-292,80,I^b
Ind-292,90,I^b
Ind-292,100,I^b
Ind-293,10,S^b
Ind-293,20,S^b
Ind-293,30,S^b
Ind-293,40,S^b
Ind-293,50,S^b
Ind-293,60,S^b
Ind-293,70,S^b
Ind-293,80,S^b
Ind-293,90,S^b
Ind-293,100,S^b
Ind-294,10,S^b
Ind-294,20,S^b
Ind-294,30,I^b
Ind-294,40,R
Ind-294,50,R
Ind-294,60,R
Ind-294,70,R
Ind-294,80,R
Ind-294,90,R
Ind-294,100,R
Ind-295,10,S^b
Ind-295,20,S^b
Ind-295,30,S^b
Ind-295,40,S^b
Ind-295,50,S^b
Ind-295,60,S^b
Ind-295,70,S^b
Ind-295,80,S^b
Ind-295,90,I^b
Ind-295,100,R
Ind-296,10,S^b
Ind-296,20,S^b
Ind-296,30,S^b
Ind-296,40,S^b
Ind-296,50,S^b
Ind-296,60,S^b
Ind-296,70,I^b
Ind-296,80,I^b
Ind-296,90,R
Ind-296,100,R
Ind-297,10,S^b
Ind-297,20,S^b
Ind-297,30,S^b
Ind-297,40,S^b
Ind-297,50,S^b
Ind-297,60,S^b
Ind-297,70,S^b
Ind-297,80,S^b
Ind-297,90,S^b
Ind-297,100,I^b
Ind-298,10,S^b
Ind-298,20,S^b
Ind-298,30,S^b
Ind-298,40,S^b
Ind-298,50,S^b
Ind-298,60,I^b
Ind-298,70,I^b
Ind-298,80,R
Ind-298,90,R
Ind-298,100,R
Ind-299,10,S^b
Ind-299,20,S^b
Ind-299,30,S^b
Ind-299,40,S^b
Ind-299,50,S^b
Ind-299,60,S^b
Ind-299,70,S^b
Ind-299,80,S^b
Ind-299,90,I^b
Ind-299,100,I^b
Ind-300,10,S^b
Ind-300,20,S^b
Ind-300,30,S^b
Ind-300,40,S^b
Ind-300,50,S^b
Ind-300,60,I^b
Ind-300,70,I^b
Ind-300,80,R
Ind-300,90,R
Ind-300,100,R
Ind-301,10,S^b
Ind-301,20,S^b
Ind-301,30,S^b
Ind-301,40,S^b
Ind-301,50,S^b
Ind-301,60,S^b
Ind-301,70,S^b
Ind-301,80,I^b
Ind-301,90,R
Ind-301,100,R
Ind-302,10,S^b
Ind-302,20,S^b
Ind-302,30,S^b
Ind-302,40,S^b
Ind-302,50,S^b
Ind-302,60,S^b
Ind-302,70,R
Ind-302,80,R
Ind-302,90,R
Ind-302,100,R
Ind-303,10,S^b
Ind-303,20,S^b
Ind-303,30,S^b
Ind-303,40,S^b
Ind-303,50,S^b
Ind-303,60,S^b
Ind-303,70,S^b
Ind-303,80,I^b
Ind-303,90,R
Ind-303,100,R
Ind-304,10,S^b
Ind-304,20,S^b
Ind-304,30,S^b
Ind-304,40,S^b
Ind-304,50,S^b
Ind-304,60,S^b
Ind-304,70,S^b
Ind-304,80,S^b
Ind-304,90,S^b
Ind-304,100,S^b
Ind-305,10,S^b
Ind-305,20,S^b
Ind-305,30,S^b
Ind-305,40,S^b
Ind-305,50,S^b
Ind-305,60,S^b
Ind-305,70,S^b
Ind-305,80,S^b
Ind-305,90,S^b
Ind-305,100,I^b
Ind-306,10,S^b
Ind-306,20,S^b
Ind-306,30,S^b
Ind-306,40,S^b
Ind-306,50,S^b
Ind-306,60,S^b
Ind-306,70,S^b
Ind-306,80,I^b
Ind-306,90,R
Ind-306,100,R
Ind-307,10,S^b
Ind-307,20,S^b
Ind-307,30,S^b
Ind-307,40,S^b
Ind-307,50,I^b
Ind-307,60,I^b
Ind-307,70,R
Ind-307,80,R
Ind-307,90,R
Ind-307,100,R
Ind-308,10,S^b
Ind-308,20,S^b
Ind-308,30,S^b
Ind-308,40,S^b
Ind-308,50,S^b
Ind-308,60,I^b
Ind-308,70,I^b
Ind-308,80,R
Ind-308,90,R
Ind-308,100,R
Ind-309,10,S^b
Ind-309,20,S^b
Ind-309,30,S^b
Ind-309,40,S^b
Ind-309,50,S^b
Ind-309,60,S^b
Ind-309,70,S^b
Ind-309,80,S^b
Ind-309,90,I^b
Ind-309,100,R
Ind-310,10,S^b
Ind-310,20,S^b
Ind-310,30,S^b
Ind-310,40,S^b
Ind-310,50,S^b
Ind-310,60,R
Ind-310,70,R
Ind-310,80,R
Ind-310,90,R
Ind-310,100,R
Ind-311,10,S^b
Ind-311,20,S^b
Ind-311,30,S^b
Ind-311,40,I^b
Ind-311,50,I^b
Ind-311,60,I^b
Ind-311,70,I^b
Ind-311,80,R
Ind-311,90,R
Ind-311,100,R
Ind-312,10,S^b
Ind-312,20,S^b
Ind-312,30,S^b
Ind-312,40,S^b
Ind-312,50,S^b
Ind-312,60,S^b
Ind-312,70,I^b
Ind-312,80,R
Ind-312,90,R
Ind-312,100,R
Ind-313,10,S^b
Ind-313,20,S^b
Ind-313,30,S^b
Ind-313,40,S^b
Ind-313,50,S^b
Ind-313,60,S^b
Ind-313,70,S^b
Ind-313,80,I^b
Ind-313,90,I^b
Ind-313,100,I^b
Ind-314,10,S^b
Ind-314,20,S^b
Ind-314,30,S^b
Ind-314,40,S^b
Ind-314,50,S^b
Ind-314,60,S^b
Ind-314,70,S^b
Ind-314,80,S^b
Ind-314,90,S^b
Ind-314,100,I^b
Ind-315,10,S^b
Ind-315,20,S^b
Ind-315,30,S^b
Ind-315,40,S^b
Ind-315,50,R
Ind-315,60,R
Ind-315,70,R
Ind-315,80,R
Ind-315,90,R
Ind-315,100,R
Ind-316,10,S^b
Ind-316,20,S^b
Ind-316,30,I^b
Ind-316,40,I^b
Ind-316,50,R
Ind-316,60,R
Ind-316,70,R
Ind-316,80,R
Ind-316,90,R
Ind-316,100,R
Ind-317,10,S^b
Ind-317,20,S^b
Ind-317,30,S^b
Ind-317,40,I^b
Ind-317,50,I^b
Ind-317,60,I^b
Ind-317,70,R
Ind-317,80,R
Ind-317,90,R
Ind-317,100,R
Ind-318,10,S^b
Ind-318,20,S^b
Ind-318,30,S^b
Ind-318,40,S^b
Ind-318,50,S^b
Ind-318,60,S^b
Ind-318,70,S^b
Ind-318,80,S^b
Ind-318,90,S^b
Ind-318,100,S^b
Ind-319,10,S^b
Ind-319,20,S^b
Ind-319,30,S^b
Ind-319,40,S^b
Ind-319,50,S^b
Ind-319,60,S^b
Ind-319,70,S^b
Ind-319,80,S^b
Ind-319,90,I^b
Ind-319,100,I^b
Ind-320,10,S^b
Ind-320,20,S^b
Ind-320,30,S^b
Ind-320,40,S^b
Ind-320,50,S^b
Ind-320,60,S^b
Ind-320,70,S^b
Ind-320,80,S^b
Ind-320,90,S^b
Ind-320,100,S^b
Ind-321,10,S^b
Ind-321,20,S^b
Ind-321,30,S^b
Ind-321,40,S^b
Ind-321,50,I^b
Ind-321,60,I^b
Ind-321,70,R
Ind-321,80,R
Ind-321,90,R
Ind-321,100,R
Ind-322,10,S^b
Ind-322,20,S^b
Ind-322,30,S^b
Ind-322,40,S^b
Ind-322,50,S^b
Ind-322,60,S^b
Ind-322,70,S^b
Ind-322,80,S^b
Ind-322,90,S^b
Ind-322,100,S^b
Ind-323,10,S^b
Ind-323,20,S^b
Ind-323,30,S^b
Ind-323,40,S^b
Ind-323,50,S^b
Ind-323,60,S^b
Ind-323,70,S^b
Ind-323,80,S^b
Ind-323,90,S^b
Ind-323,100,S^b
Ind-324,10,S^b
Ind-324,20,S^b
Ind-324,30,S^b
Ind-324,40,S^b
Ind-324,50,S^b
Ind-324,60,S^b
Ind-324,70,S^b
Ind-324,80,I^b
Ind-324,90,R
Ind-324,100,R
Ind-325,10,S^b
Ind-325,20,S^b
Ind-325,30,S^b
Ind-325,40,S^b
Ind-325,50,S^b
Ind-325,60,S^b
Ind-325,70,S^b
Ind-325,80,S^b
Ind-325,90,S^b
Ind-325,100,S^b
Ind-326,10,S^b
Ind-326,20,S^b
Ind-326,30,S^b
Ind-326,40,S^b
Ind-326,50,S^b
Ind-326,60,S^b
Ind-326,70,S^b
Ind-326,80,S^b
Ind-326,90,S^b
Ind-326,100,S^b
Ind-327,10,S^b
Ind-327,20,S^b
Ind-327,30,S^b
Ind-327,40,S^b
Ind-327,50,I^b
Ind-327,60,I^b
Ind-327,70,I^b
Ind-327,80,I^b
Ind-327,90,I^b
Ind-327,100,I^b
Ind-328,10,S^b
Ind-328,20,S^b
Ind-328,30,S^b
Ind-328,40,S^b
Ind-328,50,S^b
Ind-328,60,S^b
Ind-328,70,S^b
Ind-328,80,S^b
Ind-328,90,S^b
Ind-328,100,R
Ind-329,10,S^b
Ind-329,20,S^b
Ind-329,30,S^b
Ind-329,40,S^b
Ind-329,50,I^b
Ind-329,60,R
Ind-329,70,R
Ind-329,80,R
Ind-329,90,R
Ind-329,100,R
Ind-330,10,S^b
Ind-330,20,S^b
Ind-330,30,S^b
Ind-330,40,S^b
Ind-330,50,S^b
Ind-330,60,S^b
Ind-330,70,R
Ind-330,80,R
Ind-330,90,R
Ind-330,100,R
Ind-331,10,S^b
Ind-331,20,S^b
Ind-331,30,S^b
Ind-331,40,I^b
Ind-331,50,I^b
Ind-331,60,I^b
Ind-331,70,R
Ind-331,80,R
Ind-331,90,R
Ind-331,100,R
Ind-332,10,S^b
Ind-332,20,S^b
Ind-332,30,S^b
Ind-332,40,S^b
Ind-332,50,S^b
Ind-332,60,S^b
Ind-332,70,S^b
Ind-332,80,I^b
Ind-332,90,I^b
Ind-332,100,I^b
Ind-333,10,S^b
Ind-333,20,S^b
Ind-333,30,S^b
Ind-333,40,S^b
Ind-333,50,R
Ind-333,60,R
Ind-333,70,R
Ind-333,80,R
Ind-333,90,R
Ind-333,100,R
Ind-334,10,S^b
Ind-334,20,S^b
Ind-334,30,S^b
Ind-334,40,S^b
Ind-334,50,S^b
Ind-334,60,S^b
Ind-334,70,S^b
Ind-334,80,S^b
Ind-334,90,S^b
Ind-334,100,S^b
Ind-335,10,S^b
Ind-335,20,S^b
Ind-335,30,S^b
Ind-335,40,S^b
Ind-335,50,S^b
Ind-335,60,S^b
Ind-335,70,S^b
Ind-335,80,S^b
Ind-335,90,S^b
Ind-335,100,S^b
Ind-336,10,S^b
Ind-336,20,S^b
Ind-336,30,S^b
Ind-336,40,S^b
Ind-336,50,S^b
Ind-336,60,S^b
Ind-336,70,S^b
Ind-336,80,R
Ind-336,90,R
Ind-336,100,R
Ind-337,10,S^b
Ind-337,20,S^b
Ind-337,30,S^b
Ind-337,40,S^b
Ind-337,50,S^b
Ind-337,60,S^b
Ind-337,70,S^b
Ind-337,80,R
Ind-337,90,R
Ind-337,100,R
Ind-338,10,S^b
Ind-338,20,S^b
Ind-338,30,S^b
Ind-338,40,S^b
Ind-338,50,S^b
Ind-338,60,S^b
Ind-338,70,S^b
Ind-338,80,S^b
Ind-338,90,S^b
Ind-338,100,S^b
Ind-339,10,S^b
Ind-339,20,S^b
Ind-339,30,S^b
Ind-339,40,S^b
Ind-339,50,I^b
Ind-339,60,R
Ind-339,70,R
Ind-339,80,R
Ind-339,90,R
Ind-339,100,R
Ind-340,10,S^b
Ind-340,20,S^b
Ind-340,30,S^b
Ind-340,40,S^b
Ind-340,50,S^b
Ind-340,60,I^b
Ind-340,70,R
Ind-340,80,R
Ind-340,90,R
Ind-340,100,R
Ind-341,10,S^b
Ind-341,20,S^b
Ind-341,30,S^b
Ind-341,40,S^b
Ind-341,50,S^b
Ind-341,60,S^b
Ind-341,70,R
Ind-341,80,R
Ind-341,90,R
Ind-341,100,R
Ind-342,10,S^b
Ind-342,20,S^b
Ind-342,30,S^b
Ind-342,40,S^b
Ind-342,50,S^b
Ind-342,60,S^b
Ind-342,70,S^b
Ind-342,80,S^b
Ind-342,90,S^b
Ind-342,100,S^b
Ind-343,10,S^b
Ind-343,20,S^b
Ind-343,30,S^b
Ind-343,40,S^b
Ind-343,50,S^b
Ind-343,60,S^b
Ind-343,70,S^b
Ind-343,80,S^b
Ind-343,90,S^b
Ind-343,100,S^b
Ind-344,10,S^b
Ind-344,20,S^b
Ind-344,30,S^b
Ind-344,40,S^b
Ind-344,50,S^b
Ind-344,60,I^b
Ind-344,70,R
Ind-344,80,R
Ind-344,90,R
Ind-344,100,R
Ind-345,10,S^b
Ind-345,20,S^b
Ind-345,30,S^b
Ind-345,40,S^b
Ind-345,50,S^b
Ind-345,60,R
Ind-345,70,R
Ind-345,80,R
Ind-345,90,R
Ind-345,100,R
Ind-346,10,S^b
Ind-346,20,S^b
Ind-346,30,S^b
Ind-346,40,S^b
Ind-346,50,I^b
Ind-346,60,I^b
Ind-346,70,R
Ind-346,80,R
Ind-346,90,R
Ind-346,100,R
Ind-347,10,S^b
Ind-347,20,S^b
Ind-347,30,S^b
Ind-347,40,S^b
Ind-347,50,S^b
Ind-347,60,S^b
Ind-347,70,I^b
Ind-347,80,I^b
Ind-347,90,I^b
Ind-347,100,I^b
Ind-348,10,S^b
Ind-348,20,S^b
Ind-348,30,S^b
Ind-348,40,S^b
Ind-348,50,S^b
Ind-348,60,I^b
Ind-348,70,R
Ind-348,80,R
Ind-348,90,R
Ind-348,100,R
Ind-349,10,S^b
Ind-349,20,S^b
Ind-349,30,S^b
Ind-349,40,S^b
Ind-349,50,S^b
Ind-349,60,S^b
Ind-349,70,S^b
Ind-349,80,S^b
Ind-349,90,S^b
Ind-349,100,I^b
Ind-350,10,S^b
Ind-350,20,S^b
Ind-350,30,S^b
Ind-350,40,S^b
Ind-350,50,S^b
Ind-350,60,I^b
Ind-350,70,R
Ind-350,80,R
Ind-350,90,R
Ind-350,100,R
Ind-351,10,S^b
Ind-351,20,S^b
Ind-351,30,S^b
Ind-351,40,S^b
Ind-351,50,S^b
Ind-351,60,S^b
Ind-351,70,S^b
Ind-351,80,S^b
Ind-351,90,S^b
Ind-351,100,S^b
Ind-352,10,S^b
Ind-352,20,S^b
Ind-352,30,S^b
Ind-352,40,S^b
Ind-352,50,S^b
Ind-352,60,S^b
Ind-352,70,S^b
Ind-352,80,I^b
Ind-352,90,I^b
Ind-352,100,R
Ind-353,10,S^b
Ind-353,20,S^b
Ind-353,30,S^b
Ind-353,40,S^b
Ind-353,50,S^b
Ind-353,60,S^b
Ind-353,70,S^b
Ind-353,80,S^b
Ind-353,90,S^b
Ind-353,100,S^b
Ind-354,10,S^b
Ind-354,20,S^b
Ind-354,30,S^b
Ind-354,40,S^b
Ind-354,50,I^b
Ind-354,60,I^b
Ind-354,70,I^b
Ind-354,80,I^b
Ind-354,90,I^b
Ind-354,100,I^b
Ind-355,10,S^b
Ind-355,20,S^b
Ind-355,30,S^b
Ind-355,40,S^b
Ind-355,50,S^b
Ind-355,60,S^b
Ind-355,70,S^b
Ind-355,80,I^b
Ind-355,90,R
Ind-355,100,R
Ind-356,10,S^b
Ind-356,20,S^b
Ind-356,30,S^b
Ind-356,40,S^b
Ind-356,50,S^b
Ind-356,60,S^b
Ind-356,70,R
Ind-356,80,R
Ind-356,90,R
Ind-356,100,R
Ind-357,10,S^b
Ind-357,20,S^b
Ind-357,30,S^b
Ind-357,40,S^b
Ind-357,50,S^b
Ind-357,60,S^b
Ind-357,70,S^b
Ind-357,80,S^b
Ind-357,90,S^b
Ind-357,100,S^b
Ind-358,10,S^b
Ind-358,20,S^b
Ind-358,30,S^b
Ind-358,40,S^b
Ind-358,50,S^b
Ind-358,60,S^b
Ind-358,70,S^b
Ind-358,80,I^b
Ind-358,90,I^b
Ind-358,100,R
Ind-359,10,S^b
Ind-359,20,S^b
Ind-359,30,S^b
Ind-359,40,S^b
Ind-359,50,S^b
Ind-359,60,S^b
Ind-359,70,S^b
Ind-359,80,S^b
Ind-359,90,I^b
Ind-359,100,R
Ind-360,10,S^b
Ind-360,20,S^b
Ind-360,30,S^b
Ind-360,40,S^b
Ind-360,50,S^b
Ind-360,60,S^b
Ind-360,70,R
Ind-360,80,R
Ind-360,90,R
Ind-360,100,R
Ind-361,10,S^b
Ind-361,20,S^b
Ind-361,30,S^b
Ind-361,40,S^b
Ind-361,50,S^b
Ind-361,60,S^b
Ind-361,70,I^b
Ind-361,80,I^b
Ind-361,90,I^b
Ind-361,100,I^b
Ind-362,10,S^b
Ind-362,20,S^b
Ind-362,30,S^b
Ind-362,40,S^b
Ind-362,50,S^b
Ind-362,60,S^b
Ind-362,70,S^b
Ind-362,80,S^b
Ind-362,90,I^b
Ind-362,100,I^b
Ind-363,10,S^b
Ind-363,20,S^b
Ind-363,30,S^b
Ind-363,40,S^b
Ind-363,50,S^b
Ind-363,60,S^b
Ind-363,70,S^b
Ind-363,80,S^b
Ind-363,90,S^b
Ind-363,100,S^b
Ind-364,10,I^b
Ind-364,20,I^b
Ind-364,30,R
Ind-364,40,R
Ind-364,50,R
Ind-364,60,R
Ind-364,70,R
Ind-364,80,R
Ind-364,90,R
Ind-364,100,R
Ind-365,10,S^b
Ind-365,20,S^b
Ind-365,30,S^b
Ind-365,40,S^b
Ind-365,50,S^b
Ind-365,60,S^b
Ind-365,70,S^b
Ind-365,80,S^b
Ind-365,90,S^b
Ind-365,100,S^b
Ind-366,10,S^b
Ind-366,20,S^b
Ind-366,30,S^b
Ind-366,40,S^b
Ind-366,50,I^b
Ind-366,60,I^b
Ind-366,70,I^b
Ind-366,80,R
Ind-366,90,R
Ind-366,100,R
Ind-367,10,S^b
Ind-367,20,S^b
Ind-367,30,S^b
Ind-367,40,S^b
Ind-367,50,S^b
Ind-367,60,S^b
Ind-367,70,I^b
Ind-367,80,R
Ind-367,90,R
Ind-367,100,R
Ind-368,10,S^b
Ind-368,20,S^b
Ind-368,30,S^b
Ind-368,40,S^b
Ind-368,50,S^b
Ind-368,60,I^b
Ind-368,70,I^b
Ind-368,80,I^b
Ind-368,90,I^b
Ind-368,100,R
Ind-369,10,S^b
Ind-369,20,S^b
Ind-369,30,S^b
Ind-369,40,S^b
Ind-369,50,S^b
Ind-369,60,S^b
Ind-369,70,S^b
Ind-369,80,S^b
Ind-369,90,S^b
Ind-369,100,S^b
Ind-370,10,S^b
Ind-370,20,S^b
Ind-370,30,S^b
Ind-370,40,S^b
Ind-370,50,S^b
Ind-370,60,I^b
Ind-370,70,I^b
Ind-370,80,R
Ind-370,90,R
Ind-370,100,R
Ind-371,10,S^b
Ind-371,20,S^b
Ind-371,30,S^b
Ind-371,40,S^b
Ind-371,50,S^b
Ind-371,60,S^b
Ind-371,70,R
Ind-371,80,R
Ind-371,90,R
Ind-371,100,R
Ind-372,10,S^b
Ind-372,20,S^b
Ind-372,30,S^b
Ind-372,40,S^b
Ind-372,50,S^b
Ind-372,60,I^b
Ind-372,70,R
Ind-372,80,R
Ind-372,90,R
Ind-372,100,R
Ind-373,10,S^b
Ind-373,20,S^b
Ind-373,30,S^b
Ind-373,40,S^b
Ind-373,50,S^b
Ind-373,60,S^b
Ind-373,70,S^b
Ind-373,80,S^b
Ind-373,90,S^b
Ind-373,100,I^b
Ind-374,10,S^b
Ind-374,20,S^b
Ind-374,30,S^b
Ind-374,40,S^b
Ind-374,50,S^b
Ind-374,60,S^b
Ind-374,70,S^b
Ind-374,80,S^b
Ind-374,90,S^b
Ind-374,100,I^b
Ind-375,10,S^b
Ind-375,20,S^b
Ind-375,30,S^b
Ind-375,40,S^b
Ind-375,50,S^b
Ind-375,60,I^b
Ind-375,70,I^b
Ind-375,80,I^b
Ind-375,90,I^b
Ind-375,100,R
Ind-376,10,S^b
Ind-376,20,S^b
Ind-376,30,S^b
Ind-376,40,S^b
Ind-376,50,R
Ind-376,60,R
Ind-376,70,R
Ind-376,80,R
Ind-376,90,R
Ind-376,100,R
Ind-377,10,S^b
Ind-377,20,S^b
Ind-377,30,S^b
Ind-377,40,S^b
Ind-377,50,S^b
Ind-377,60,S^b
Ind-377,70,S^b
Ind-377,80,I^b
Ind-377,90,I^b
Ind-377,100,I^b
Ind-378,10,S^b
Ind-378,20,S^b
Ind-378,30,S^b
Ind-378,40,S^b
Ind-378,50,S^b
Ind-378,60,I^b
Ind-378,70,R
Ind-378,80,R
Ind-378,90,R
Ind-378,100,R
Ind-379,10,S^b
Ind-379,20,S^b
Ind-379,30,S^b
Ind-379,40,S^b
Ind-379,50,S^b
Ind-379,60,S^b
Ind-379,70,S^b
Ind-379,80,S^b
Ind-379,90,S^b
Ind-379,100,R
Ind-380,10,S^b
Ind-380,20,S^b
Ind-380,30,S^b
Ind-380,40,S^b
Ind-380,50,S^b
Ind-380,60,I^b
Ind-380,70,R
Ind-380,80,R
Ind-380,90,R
Ind-380,100,R
Ind-381,10,S^b
Ind-381,20,S^b
Ind-381,30,S^b
Ind-381,40,S^b
Ind-381,50,S^b
Ind-381,60,I^b
Ind-381,70,R
Ind-381,80,R
Ind-381,90,R
Ind-381,100,R
Ind-382,10,S^b
Ind-382,20,S^b
Ind-382,30,S^b
Ind-382,40,S^b
Ind-382,50,S^b
Ind-382,60,I^b
Ind-382,70,R
Ind-382,80,R
Ind-382,90,R
Ind-382,100,R
Ind-383,10,S^b
Ind-383,20,S^b
Ind-383,30,S^b
Ind-383,40,S^b
Ind-383,50,S^b
Ind-383,60,S^b
Ind-383,70,S^b
Ind-383,80,I^b
Ind-383,90,I^b
Ind-383,100,R
Ind-384,10,S^b
Ind-384,20,S^b
Ind-384,30,S^b
Ind-384,40,S^b
Ind-384,50,S^b
Ind-384,60,S^b
Ind-384,70,S^b
Ind-384,80,S^b
Ind-384,90,S^b
Ind-384,100,S^b
Ind-385,10,S^b
Ind-385,20,S^b
Ind-385,30,S^b
Ind-385,40,S^b
Ind-385,50,S^b
Ind-385,60,I^b
Ind-385,70,I^b
Ind-385,80,I^b
Ind-385,90,I^b
Ind-385,100,I^b
Ind-386,10,S^b
Ind-386,20,S^b
Ind-386,30,S^b
Ind-386,40,S^b
Ind-386,50,I^b
Ind-386,60,I^b
Ind-386,70,I^b
Ind-386,80,I^b
Ind-386,90,R
Ind-386,100,R
Ind-387,10,S^b
Ind-387,20,S^b
Ind-387,30,S^b
Ind-387,40,R
Ind-387,50,R
Ind-387,60,R
Ind-387,70,R
Ind-387,80,R
Ind-387,90,R
Ind-387,100,R
Ind-388,10,S^b
Ind-388,20,S^b
Ind-388,30,S^b
Ind-388,40,S^b
Ind-388,50,S^b
Ind-388,60,S^b
Ind-388,70,S^b
Ind-388,80,S^b
Ind-388,90,S^b
Ind-388,100,S^b
Ind-389,10,S^b
Ind-389,20,S^b
Ind-389,30,S^b
Ind-389,40,S^b
Ind-389,50,S^b
Ind-389,60,S^b
Ind-389,70,S^b
Ind-389,80,S^b
Ind-389,90,S^b
Ind-389,100,S^b
Ind-390,10,S^b
Ind-390,20,S^b
Ind-390,30,S^b
Ind-390,40,S^b
Ind-390,50,S^b
Ind-390,60,I^b
Ind-390,70,I^b
Ind-390,80,R
Ind-390,90,R
Ind-390,100,R
Ind-391,10,S^b
Ind-391,20,S^b
Ind-391,30,S^b
Ind-391,40,S^b
Ind-391,50,S^b
Ind-391,60,S^b
Ind-391,70,I^b
Ind-391,80,R
Ind-391,90,R
Ind-391,100,R
Ind-392,10,S^b
Ind-392,20,S^b
Ind-392,30,S^b
Ind-392,40,S^b
Ind-392,50,S^b
Ind-392,60,S^b
Ind-392,70,S^b
Ind-392,80,I^b
Ind-392,90,I^b
Ind-392,100,I^b
Ind-393,10,S^b
Ind-393,20,S^b
Ind-393,30,S^b
Ind-393,40,S^b
Ind-393,50,S^b
Ind-393,60,S^b
Ind-393,70,S^b
Ind-393,80,S^b
Ind-393,90,S^b
Ind-393,100,S^b
Ind-394,10,S^b
Ind-394,20,S^b
Ind-394,30,S^b
Ind-394,40,S^b
Ind-394,50,S^b
Ind-394,60,S^b
Ind-394,70,I^b
Ind-394,80,I^b
Ind-394,90,R
Ind-394,100,R
Ind-395,10,S^b
Ind-395,20,S^b
Ind-395,30,S^b
Ind-395,40,S^b
Ind-395,50,S^b
Ind-395,60,S^b
Ind-395,70,S^b
Ind-395,80,S^b
Ind-395,90,S^b
Ind-395,100,I^b
Ind-396,10,S^b
Ind-396,20,S^b
Ind-396,30,S^b
Ind-396,40,S^b
Ind-396,50,S^b
Ind-396,60,S^b
Ind-396,70,S^b
Ind-396,80,S^b
Ind-396,90,S^b
Ind-396,100,I^b
Ind-397,10,S^b
Ind-397,20,S^b
Ind-397,30,I^b
Ind-397,40,I^b
Ind-397,50,I^b
Ind-397,60,I^b
Ind-397,70,I^b
Ind-397,80,I^b
Ind-397,90,I^b
Ind-397,100,R
Ind-398,10,S^b
Ind-398,20,S^b
Ind-398,30,S^b
Ind-398,40,S^b
Ind-398,50,S^b
Ind-398,60,S^b
Ind-398,70,S^b
Ind-398,80,S^b
Ind-398,90,S^b
Ind-398,100,S^b
Ind-399,10,S^b
Ind-399,20,S^b
Ind-399,30,S^b
Ind-399,40,S^b
Ind-399,50,S^b
Ind-399,60,S^b
Ind-399,70,S^b
Ind-399,80,S^b
Ind-399,90,S^b
Ind-399,100,S^b
Ind-400,10,S^b
Ind-400,20,S^b
Ind-400,30,S^b
Ind-400,40,S^b
Ind-400,50,S^b
Ind-400,60,S^b
Ind-400,70,S^b
Ind-400,80,I^b
Ind-400,90,R
Ind-400,100,R
Ind-401,10,S^b
Ind-401,20,S^b
Ind-401,30,S^b
Ind-401,40,S^b
Ind-401,50,S^b
Ind-401,60,S^b
Ind-401,70,S^b
Ind-401,80,S^b
Ind-401,90,S^b
Ind-401,100,I^b
Ind-402,10,I^b
Ind-402,20,I^b
Ind-402,30,R
Ind-402,40,R
Ind-402,50,R
Ind-402,60,R
Ind-402,70,R
Ind-402,80,R
Ind-402,90,R
Ind-402,100,R
Ind-403,10,S^a
Ind-403,20,S^a
Ind-403,30,R
Ind-403,40,R
Ind-403,50,R
Ind-403,60,R
Ind-403,70,R
Ind-403,80,R
Ind-403,90,R
Ind-403,100,R
Ind-404,10,S^a
Ind-404,20,S^a
Ind-404,30,S^a
Ind-404,40,I^a
Ind-404,50,R
Ind-404,60,R
Ind-404,70,R
Ind-404,80,R
Ind-404,90,R
Ind-404,100,R
Ind-405,10,I^a
Ind-405,20,R
Ind-405,30,R
Ind-405,40,R
Ind-405,50,R
Ind-405,60,R
Ind-405,70,R
Ind-405,80,R
Ind-405,90,R
Ind-405,100,R
Ind-406,10,S^a
Ind-406,20,I^a
Ind-406,30,I^a
Ind-406,40,R
Ind-406,50,R
Ind-406,60,R
Ind-406,70,R
Ind-406,80,R
Ind-406,90,R
Ind-406,100,R
Ind-407,10,S^a
Ind-407,20,S^a
Ind-407,30,I^a
Ind-407,40,I^a
Ind-407,50,I^a
Ind-407,60,I^a
Ind-407,70,R
Ind-407,80,R
Ind-407,90,R
Ind-407,100,R
Ind-408,10,S^a
Ind-408,20,I^a
Ind-408,30,I^a
Ind-408,40,R
Ind-408,50,R
Ind-408,60,R
Ind-408,70,R
Ind-408,80,R
Ind-408,90,R
Ind-408,100,R
Ind-409,10,S^a
Ind-409,20,S^a
Ind-409,30,R
Ind-409,40,R
Ind-409,50,R
Ind-409,60,R
Ind-409,70,R
Ind-409,80,R
Ind-409,90,R
Ind-409,100,R
Ind-410,10,S^a
Ind-410,20,S^a
Ind-410,30,I^a
Ind-410,40,R
Ind-410,50,R
Ind-410,60,R
Ind-410,70,R
Ind-410,80,R
Ind-410,90,R
Ind-410,100,R
Ind-411,10,S^a
Ind-411,20,S^a
Ind-411,30,I^a
Ind-411,40,R
Ind-411,50,R
Ind-411,60,R
Ind-411,70,R
Ind-411,80,R
Ind-411,90,R
Ind-411,100,R
Ind-412,10,S^a
Ind-412,20,S^a
Ind-412,30,I^a
Ind-412,40,R
Ind-412,50,R
Ind-412,60,R
Ind-412,70,R
Ind-412,80,R
Ind-412,90,R
Ind-412,100,R
Ind-413,10,S^a
Ind-413,20,S^a
Ind-413,30,I^a
Ind-413,40,R
Ind-413,50,R
Ind-413,60,R
Ind-413,70,R
Ind-413,80,R
Ind-413,90,R
Ind-413,100,R
Ind-414,10,S^a
Ind-414,20,S^a
Ind-414,30,I^a
Ind-414,40,I^a
Ind-414,50,I^a
Ind-414,60,I^a
Ind-414,70,I^a
Ind-414,80,I^a
Ind-414,90,I^a
Ind-414,100,I^a
Ind-415,10,S^a
Ind-415,20,I^a
Ind-415,30,I^a
Ind-415,40,I^a
Ind-415,50,I^a
Ind-415,60,R
Ind-415,70,R
Ind-415,80,R
Ind-415,90,R
Ind-415,100,R
Ind-416,10,S^a
Ind-416,20,S^a
Ind-416,30,I^a
Ind-416,40,I^a
Ind-416,50,I^a
Ind-416,60,R
Ind-416,70,R
Ind-416,80,R
Ind-416,90,R
Ind-416,100,R
Ind-417,10,S^a
Ind-417,20,S^a
Ind-417,30,I^a
Ind-417,40,I^a
Ind-417,50,I^a
Ind-417,60,R
Ind-417,70,R
Ind-417,80,R
Ind-417,90,R
Ind-417,100,R
Ind-418,10,S^a
Ind-418,20,S^a
Ind-418,30,S^a
Ind-418,40,R
Ind-418,50,R
Ind-418,60,R
Ind-418,70,R
Ind-418,80,R
Ind-418,90,R
Ind-418,100,R
Ind-419,10,S^a
Ind-419,20,S^a
Ind-419,30,I^a
Ind-419,40,R
Ind-419,50,R
Ind-419,60,R
Ind-419,70,R
Ind-419,80,R
Ind-419,90,R
Ind-419,100,R
Ind-420,10,S^a
Ind-420,20,R
Ind-420,30,R
Ind-420,40,R
Ind-420,50,R
Ind-420,60,R
Ind-420,70,R
Ind-420,80,R
Ind-420,90,R
Ind-420,100,R
Ind-421,10,S^a
Ind-421,20,I^a
Ind-421,30,I^a
Ind-421,40,R
Ind-421,50,R
Ind-421,60,R
Ind-421,70,R
Ind-421,80,R
Ind-421,90,R
Ind-421,100,R
Ind-422,10,S^a
Ind-422,20,S^a
Ind-422,30,I^a
Ind-422,40,I^a
Ind-422,50,I^a
Ind-422,60,R
Ind-422,70,R
Ind-422,80,R
Ind-422,90,R
Ind-422,100,R
Ind-423,10,S^a
Ind-423,20,I^a
Ind-423,30,R
Ind-423,40,R
Ind-423,50,R
Ind-423,60,R
Ind-423,70,R
Ind-423,80,R
Ind-423,90,R
Ind-423,100,R
Ind-424,10,I^a
Ind-424,20,I^a
Ind-424,30,R
Ind-424,40,R
Ind-424,50,R
Ind-424,60,R
Ind-424,70,R
Ind-424,80,R
Ind-424,90,R
Ind-424,100,R
Ind-425,10,S^a
Ind-425,20,S^a
Ind-425,30,I^a
Ind-425,40,R
Ind-425,50,R
Ind-425,60,R
Ind-425,70,R
Ind-425,80,R
Ind-425,90,R
Ind-425,100,R
Ind-426,10,S^a
Ind-426,20,I^a
Ind-426,30,R
Ind-426,40,R
Ind-426,50,R
Ind-426,60,R
Ind-426,70,R
Ind-426,80,R
Ind-426,90,R
Ind-426,100,R
Ind-427,10,S^a
Ind-427,20,I^a
Ind-427,30,I^a
Ind-427,40,I^a
Ind-427,50,I^a
Ind-427,60,I^a
Ind-427,70,R
Ind-427,80,R
Ind-427,90,R
Ind-427,100,R
Ind-428,10,S^a
Ind-428,20,I^a
Ind-428,30,R
Ind-428,40,R
Ind-428,50,R
Ind-428,60,R
Ind-428,70,R
Ind-428,80,R
Ind-428,90,R
Ind-428,100,R
Ind-429,10,S^a
Ind-429,20,S^a
Ind-429,30,I^a
Ind-429,40,R
Ind-429,50,R
Ind-429,60,R
Ind-429,70,R
Ind-429,80,R
Ind-429,90,R
Ind-429,100,R
Ind-430,10,S^a
Ind-430,20,S^a
Ind-430,30,I^a
Ind-430,40,I^a
Ind-430,50,I^a
Ind-430,60,I^a
Ind-430,70,I^a
Ind-430,80,R
Ind-430,90,R
Ind-430,100,R
Ind-431,10,S^a
Ind-431,20,S^a
Ind-431,30,I^a
Ind-431,40,R
Ind-431,50,R
Ind-431,60,R
Ind-431,70,R
Ind-431,80,R
Ind-431,90,R
Ind-431,100,R
Ind-432,10,S^a
Ind-432,20,S^a
Ind-432,30,I^a
Ind-432,40,R
Ind-432,50,R
Ind-432,60,R
Ind-432,70,R
Ind-432,80,R
Ind-432,90,R
Ind-432,100,R
Ind-433,10,S^a
Ind-433,20,R
Ind-433,30,R
Ind-433,40,R
Ind-433,50,R
Ind-433,60,R
Ind-433,70,R
Ind-433,80,R
Ind-433,90,R
Ind-433,100,R
Ind-434,10,S^a
Ind-434,20,I^a
Ind-434,30,R
Ind-434,40,R
Ind-434,50,R
Ind-434,60,R
Ind-434,70,R
Ind-434,80,R
Ind-434,90,R
Ind-434,100,R
Ind-435,10,S^a
Ind-435,20,S^a
Ind-435,30,S^a
Ind-435,40,I^a
Ind-435,50,R
Ind-435,60,R
Ind-435,70,R
Ind-435,80,R
Ind-435,90,R
Ind-435,100,R
Ind-436,10,S^a
Ind-436,20,I^a
Ind-436,30,R
Ind-436,40,R
Ind-436,50,R
Ind-436,60,R
Ind-436,70,R
Ind-436,80,R
Ind-436,90,R
Ind-436,100,R
Ind-437,10,S^a
Ind-437,20,S^a
Ind-437,30,S^a
Ind-437,40,R
Ind-437,50,R
Ind-437,60,R
Ind-437,70,R
Ind-437,80,R
Ind-437,90,R
Ind-437,100,R
Ind-438,10,S^a
Ind-438,20,I^a
Ind-438,30,I^a
Ind-438,40,I^a
Ind-438,50,I^a
Ind-438,60,R
Ind-438,70,R
Ind-438,80,R
Ind-438,90,R
Ind-438,100,R
Ind-439,10,S^a
Ind-439,20,I^a
Ind-439,30,I^a
Ind-439,40,R
Ind-439,50,R
Ind-439,60,R
Ind-439,70,R
Ind-439,80,R
Ind-439,90,R
Ind-439,100,R
Ind-440,10,S^a
Ind-440,20,S^a
Ind-440,30,I^a
Ind-440,40,I^a
Ind-440,50,I^a
Ind-440,60,R
Ind-440,70,R
Ind-440,80,R
Ind-440,90,R
Ind-440,100,R
Ind-441,10,I^a
Ind-441,20,I^a
Ind-441,30,R
Ind-441,40,R
Ind-441,50,R
Ind-441,60,R
Ind-441,70,R
Ind-441,80,R
Ind-441,90,R
Ind-441,100,R
Ind-442,10,S^a
Ind-442,20,S^a
Ind-442,30,S^a
Ind-442,40,S^a
Ind-442,50,R
Ind-442,60,R
Ind-442,70,R
Ind-442,80,R
Ind-442,90,R
Ind-442,100,R
Ind-443,10,S^a
Ind-443,20,I^a
Ind-443,30,I^a
Ind-443,40,R
Ind-443,50,R
Ind-443,60,R
Ind-443,70,R
Ind-443,80,R
Ind-443,90,R
Ind-443,100,R
Ind-444,10,S^a
Ind-444,20,I^a
Ind-444,30,R
Ind-444,40,R
Ind-444,50,R
Ind-444,60,R
Ind-444,70,R
Ind-444,80,R
Ind-444,90,R
Ind-444,100,R
Ind-445,10,S^a
Ind-445,20,I^a
Ind-445,30,I^a
Ind-445,40,R
Ind-445,50,R
Ind-445,60,R
Ind-445,70,R
Ind-445,80,R
Ind-445,90,R
Ind-445,100,R
Ind-446,10,S^a
Ind-446,20,S^a
Ind-446,30,R
Ind-446,40,R
Ind-446,50,R
Ind-446,60,R
Ind-446,70,R
Ind-446,80,R
Ind-446,90,R
Ind-446,100,R
Ind-447,10,S^a
Ind-447,20,I^a
Ind-447,30,R
Ind-447,40,R
Ind-447,50,R
Ind-447,60,R
Ind-447,70,R
Ind-447,80,R
Ind-447,90,R
Ind-447,100,R
Ind-448,10,S^a
Ind-448,20,I^a
Ind-448,30,I^a
Ind-448,40,R
Ind-448,50,R
Ind-448,60,R
Ind-448,70,R
Ind-448,80,R
Ind-448,90,R
Ind-448,100,R
Ind-449,10,S^a
Ind-449,20,S^a
Ind-449,30,I^a
Ind-449,40,I^a
Ind-449,50,I^a
Ind-449,60,R
Ind-449,70,R
Ind-449,80,R
Ind-449,90,R
Ind-449,100,R
Ind-450,10,S^a
Ind-450,20,R
Ind-450,30,R
Ind-450,40,R
Ind-450,50,R
Ind-450,60,R
Ind-450,70,R
Ind-450,80,R
Ind-450,90,R
Ind-450,100,R
Ind-451,10,S^a
Ind-451,20,S^a
Ind-451,30,S^a
Ind-451,40,R
Ind-451,50,R
Ind-451,60,R
Ind-451,70,R
Ind-451,80,R
Ind-451,90,R
Ind-451,100,R
Ind-452,10,S^a
Ind-452,20,S^a
Ind-452,30,I^a
Ind-452,40,R
Ind-452,50,R
Ind-452,60,R
Ind-452,70,R
Ind-452,80,R
Ind-452,90,R
Ind-452,100,R
Ind-453,10,S^a
Ind-453,20,S^a
Ind-453,30,I^a
Ind-453,40,I^a
Ind-453,50,I^a
Ind-453,60,I^a
Ind-453,70,I^a
Ind-453,80,R
Ind-453,90,R
Ind-453,100,R
Ind-454,10,I^a
Ind-454,20,R
Ind-454,30,R
Ind-454,40,R
Ind-454,50,R
Ind-454,60,R
Ind-454,70,R
Ind-454,80,R
Ind-454,90,R
Ind-454,100,R
Ind-455,10,S^a
Ind-455,20,S^a
Ind-455,30,R
Ind-455,40,R
Ind-455,50,R
Ind-455,60,R
Ind-455,70,R
Ind-455,80,R
Ind-455,90,R
Ind-455,100,R
Ind-456,10,S^a
Ind-456,20,I^a
Ind-456,30,R
Ind-456,40,R
Ind-456,50,R
Ind-456,60,R
Ind-456,70,R
Ind-456,80,R
Ind-456,90,R
Ind-456,100,R
Ind-457,10,I^a
Ind-457,20,I^a
Ind-457,30,I^a
Ind-457,40,R
Ind-457,50,R
Ind-457,60,R
Ind-457,70,R
Ind-457,80,R
Ind-457,90,R
Ind-457,100,R
Ind-458,10,S^a
Ind-458,20,I^a
Ind-458,30,I^a
Ind-458,40,I^a
Ind-458,50,I^a
Ind-458,60,R
Ind-458,70,R
Ind-458,80,R
Ind-458,90,R
Ind-458,100,R
Ind-459,10,S^a
Ind-459,20,I^a
Ind-459,30,I^a
Ind-459,40,R
Ind-459,50,R
Ind-459,60,R
Ind-459,70,R
Ind-459,80,R
Ind-459,90,R
Ind-459,100,R
Ind-460,10,S^a
Ind-460,20,R
Ind-460,30,R
Ind-460,40,R
Ind-460,50,R
Ind-460,60,R
Ind-460,70,R
Ind-460,80,R
Ind-460,90,R
Ind-460,100,R
Ind-461,10,S^a
Ind-461,20,I^a
Ind-461,30,R
Ind-461,40,R
Ind-461,50,R
Ind-461,60,R
Ind-461,70,R
Ind-461,80,R
Ind-461,90,R
Ind-461,100,R
Ind-462,10,S^a
Ind-462,20,S^a
Ind-462,30,I^a
Ind-462,40,I^a
Ind-462,50,R
Ind-462,60,R
Ind-462,70,R
Ind-462,80,R
Ind-462,90,R
Ind-462,100,R
Ind-463,10,S^a
Ind-463,20,I^a
Ind-463,30,I^a
Ind-463,40,I^a
Ind-463,50,R
Ind-463,60,R
Ind-463,70,R
Ind-463,80,R
Ind-463,90,R
Ind-463,100,R
Ind-464,10,S^a
Ind-464,20,S^a
Ind-464,30,I^a
Ind-464,40,I^a
Ind-464,50,I^a
Ind-464,60,I^a
Ind-464,70,I^a
Ind-464,80,R
Ind-464,90,R
Ind-464,100,R
Ind-465,10,S^a
Ind-465,20,S^a
Ind-465,30,I^a
Ind-465,40,I^a
Ind-465,50,I^a
Ind-465,60,R
Ind-465,70,R
Ind-465,80,R
Ind-465,90,R
Ind-465,100,R
Ind-466,10,S^a
Ind-466,20,R
Ind-466,30,R
Ind-466,40,R
Ind-466,50,R
Ind-466,60,R
Ind-466,70,R
Ind-466,80,R
Ind-466,90,R
Ind-466,100,R
Ind-467,10,S^a
Ind-467,20,I^a
Ind-467,30,I^a
Ind-467,40,I^a
Ind-467,50,R
Ind-467,60,R
Ind-467,70,R
Ind-467,80,R
Ind-467,90,R
Ind-467,100,R
Ind-468,10,S^a
Ind-468,20,S^a
Ind-468,30,R
Ind-468,40,R
Ind-468,50,R
Ind-468,60,R
Ind-468,70,R
Ind-468,80,R
Ind-468,90,R
Ind-468,100,R
Ind-469,10,S^a
Ind-469,20,I^a
Ind-469,30,R
Ind-469,40,R
Ind-469,50,R
Ind-469,60,R
Ind-469,70,R
Ind-469,80,R
Ind-469,90,R
Ind-469,100,R
Ind-470,10,S^a
Ind-470,20,S^a
Ind-470,30,S^a
Ind-470,40,I^a
Ind-470,50,R
Ind-470,60,R
Ind-470,70,R
Ind-470,80,R
Ind-470,90,R
Ind-470,100,R
Ind-471,10,S^a
Ind-471,20,I^a
Ind-471,30,I^a
Ind-471,40,R
Ind-471,50,R
Ind-471,60,R
Ind-471,70,R
Ind-471,80,R
Ind-471,90,R
Ind-471,100,R
Ind-472,10,S^a
Ind-472,20,S^a
Ind-472,30,S^a
Ind-472,40,R
Ind-472,50,R
Ind-472,60,R
Ind-472,70,R
Ind-472,80,R
Ind-472,90,R
Ind-472,100,R
Ind-473,10,S^a
Ind-473,20,S^a
Ind-473,30,S^a
Ind-473,40,I^a
Ind-473,50,I^a
Ind-473,60,I^a
Ind-473,70,I^a
Ind-473,80,R
Ind-473,90,R
Ind-473,100,R
Ind-474,10,S^a
Ind-474,20,R
Ind-474,30,R
Ind-474,40,R
Ind-474,50,R
Ind-474,60,R
Ind-474,70,R
Ind-474,80,R
Ind-474,90,R
Ind-474,100,R
Ind-475,10,S^a
Ind-475,20,R
Ind-475,30,R
Ind-475,40,R
Ind-475,50,R
Ind-475,60,R
Ind-475,70,R
Ind-475,80,R
Ind-475,90,R
Ind-475,100,R
Ind-476,10,S^a
Ind-476,20,S^a
Ind-476,30,I^a
Ind-476,40,I^a
Ind-476,50,I^a
Ind-476,60,R
Ind-476,70,R
Ind-476,80,R
Ind-476,90,R
Ind-476,100,R
Ind-477,10,S^a
Ind-477,20,I^a
Ind-477,30,I^a
Ind-477,40,I^a
Ind-477,50,R
Ind-477,60,R
Ind-477,70,R
Ind-477,80,R
Ind-477,90,R
Ind-477,100,R
Ind-478,10,S^a
Ind-478,20,I^a
Ind-478,30,I^a
Ind-478,40,R
Ind-478,50,R
Ind-478,60,R
Ind-478,70,R
Ind-478,80,R
Ind-478,90,R
Ind-478,100,R
Ind-479,10,S^a
Ind-479,20,S^a
Ind-479,30,I^a
Ind-479,40,R
Ind-479,50,R
Ind-479,60,R
Ind-479,70,R
Ind-479,80,R
Ind-479,90,R
Ind-479,100,R
Ind-480,10,S^a
Ind-480,20,I^a
Ind-480,30,I^a
Ind-480,40,I^a
Ind-480,50,I^a
Ind-480,60,R
Ind-480,70,R
Ind-480,80,R
Ind-480,90,R
Ind-480,100,R
Ind-481,10,S^a
Ind-481,20,I^a
Ind-481,30,R
Ind-481,40,R
Ind-481,50,R
Ind-481,60,R
Ind-481,70,R
Ind-481,80,R
Ind-481,90,R
Ind-481,100,R
Ind-482,10,S^a
Ind-482,20,I^a
Ind-482,30,I^a
Ind-482,40,I^a
Ind-482,50,I^a
Ind-482,60,R
Ind-482,70,R
Ind-482,80,R
Ind-482,90,R
Ind-482,100,R
Ind-483,10,S^a
Ind-483,20,I^a
Ind-483,30,I^a
Ind-483,40,I^a
Ind-483,50,R
Ind-483,60,R
Ind-483,70,R
Ind-483,80,R
Ind-483,90,R
Ind-483,100,R
Ind-484,10,S^a
Ind-484,20,I^a
Ind-484,30,I^a
Ind-484,40,I^a
Ind-484,50,R
Ind-484,60,R
Ind-484,70,R
Ind-484,80,R
Ind-484,90,R
Ind-484,100,R
Ind-485,10,S^a
Ind-485,20,S^a
Ind-485,30,I^a
Ind-485,40,I^a
Ind-485,50,R
Ind-485,60,R
Ind-485,70,R
Ind-485,80,R
Ind-485,90,R
Ind-485,100,R
Ind-486,10,S^a
Ind-486,20,S^a
Ind-486,30,I^a
Ind-486,40,I^a
Ind-486,50,I^a
Ind-486,60,R
Ind-486,70,R
Ind-486,80,R
Ind-486,90,R
Ind-486,100,R
Ind-487,10,S^a
Ind-487,20,S^a
Ind-487,30,I^a
Ind-487,40,R
Ind-487,50,R
Ind-487,60,R
Ind-487,70,R
Ind-487,80,R
Ind-487,90,R
Ind-487,100,R
Ind-488,10,S^a
Ind-488,20,S^a
Ind-488,30,S^a
Ind-488,40,I^a
Ind-488,50,I^a
Ind-488,60,R
Ind-488,70,R
Ind-488,80,R
Ind-488,90,R
Ind-488,100,R
Ind-489,10,S^a
Ind-489,20,S^a
Ind-489,30,I^a
Ind-489,40,I^a
Ind-489,50,R
Ind-489,60,R
Ind-489,70,R
Ind-489,80,R
Ind-489,90,R
Ind-489,100,R
Ind-490,10,S^a
Ind-490,20,S^a
Ind-490,30,I^a
Ind-490,40,R
Ind-490,50,R
Ind-490,60,R
Ind-490,70,R
Ind-490,80,R
Ind-490,90,R
Ind-490,100,R
Ind-491,10,S^a
Ind-491,20,S^a
Ind-491,30,I^a
Ind-491,40,R
Ind-491,50,R
Ind-491,60,R
Ind-491,70,R
Ind-491,80,R
Ind-491,90,R
Ind-491,100,R
Ind-492,10,S^a
Ind-492,20,S^a
Ind-492,30,I^a
Ind-492,40,R
Ind-492,50,R
Ind-492,60,R
Ind-492,70,R
Ind-492,80,R
Ind-492,90,R
Ind-492,100,R
Ind-493,10,S^a
Ind-493,20,I^a
Ind-493,30,I^a
Ind-493,40,I^a
Ind-493,50,R
Ind-493,60,R
Ind-493,70,R
Ind-493,80,R
Ind-493,90,R
Ind-493,100,R
Ind-494,10,S^a
Ind-494,20,S^a
Ind-494,30,S^a
Ind-494,40,S^a
Ind-494,50,R
Ind-494,60,R
Ind-494,70,R
Ind-494,80,R
Ind-494,90,R
Ind-494,100,R
Ind-495,10,S^a
Ind-495,20,S^a
Ind-495,30,I^a
Ind-495,40,I^a
Ind-495,50,I^a
Ind-495,60,I^a
Ind-495,70,I^a
Ind-495,80,R
Ind-495,90,R
Ind-495,100,R
Ind-496,10,S^a
Ind-496,20,R
Ind-496,30,R
Ind-496,40,R
Ind-496,50,R
Ind-496,60,R
Ind-496,70,R
Ind-496,80,R
Ind-496,90,R
Ind-496,100,R
Ind-497,10,S^a
Ind-497,20,R
Ind-497,30,R
Ind-497,40,R
Ind-497,50,R
Ind-497,60,R
Ind-497,70,R
Ind-497,80,R
Ind-497,90,R
Ind-497,100,R
Ind-498,10,S^a
Ind-498,20,S^a
Ind-498,30,S^a
Ind-498,40,R
Ind-498,50,R
Ind-498,60,R
Ind-498,70,R
Ind-498,80,R
Ind-498,90,R
Ind-498,100,R
Ind-499,10,S^a
Ind-499,20,S^a
Ind-499,30,R
Ind-499,40,R
Ind-499,50,R
Ind-499,60,R
Ind-499,70,R
Ind-499,80,R
Ind-499,90,R
Ind-499,100,R
Ind-500,10,S^a
Ind-500,20,I^a
Ind-500,30,R
Ind-500,40,R
Ind-500,50,R
Ind-500,60,R
Ind-500,70,R
Ind-500,80,R
Ind-500,90,R
Ind-500,100,R
Ind-501,10,S^a
Ind-501,20,S^a
Ind-501,30,R
Ind-501,40,R
Ind-501,50,R
Ind-501,60,R
Ind-501,70,R
Ind-501,80,R
Ind-501,90,R
Ind-501,100,R
Ind-502,10,S^a
Ind-502,20,S^a
Ind-502,30,I^a
Ind-502,40,I^a
Ind-502,50,I^a
Ind-502,60,R
Ind-502,70,R
Ind-502,80,R
Ind-502,90,R
Ind-502,100,R
Ind-503,10,S^a
Ind-503,20,I^a
Ind-503,30,I^a
Ind-503,40,I^a
Ind-503,50,I^a
Ind-503,60,R
Ind-503,70,R
Ind-503,80,R
Ind-503,90,R
Ind-503,100,R
Ind-504,10,S^a
Ind-504,20,S^a
Ind-504,30,I^a
Ind-504,40,R
Ind-504,50,R
Ind-504,60,R
Ind-504,70,R
Ind-504,80,R
Ind-504,90,R
Ind-504,100,R
Ind-505,10,S^a
Ind-505,20,S^a
Ind-505,30,I^a
Ind-505,40,R
Ind-505,50,R
Ind-505,60,R
Ind-505,70,R
Ind-505,80,R
Ind-505,90,R
Ind-505,100,R
Ind-506,10,S^a
Ind-506,20,S^a
Ind-506,30,R
Ind-506,40,R
Ind-506,50,R
Ind-506,60,R
Ind-506,70,R
Ind-506,80,R
Ind-506,90,R
Ind-506,100,R
Ind-507,10,S^a
Ind-507,20,S^a
Ind-507,30,R
Ind-507,40,R
Ind-507,50,R
Ind-507,60,R
Ind-507,70,R
Ind-507,80,R
Ind-507,90,R
Ind-507,100,R
Ind-508,10,S^a
Ind-508,20,I^a
Ind-508,30,I^a
Ind-508,40,I^a
Ind-508,50,R
Ind-508,60,R
Ind-508,70,R
Ind-508,80,R
Ind-508,90,R
Ind-508,100,R
Ind-509,10,S^a
Ind-509,20,R
Ind-509,30,R
Ind-509,40,R
Ind-509,50,R
Ind-509,60,R
Ind-509,70,R
Ind-509,80,R
Ind-509,90,R
Ind-509,100,R
Ind-510,10,S^a
Ind-510,20,I^a
Ind-510,30,I^a
Ind-510,40,I^a
Ind-510,50,I^a
Ind-510,60,R
Ind-510,70,R
Ind-510,80,R
Ind-510,90,R
Ind-510,100,R
Ind-511,10,S^a
Ind-511,20,I^a
Ind-511,30,I^a
Ind-511,40,R
Ind-511,50,R
Ind-511,60,R
Ind-511,70,R
Ind-511,80,R
Ind-511,90,R
Ind-511,100,R
Ind-512,10,S^a
Ind-512,20,S^a
Ind-512,30,I^a
Ind-512,40,I^a
Ind-512,50,R
Ind-512,60,R
Ind-512,70,R
Ind-512,80,R
Ind-512,90,R
Ind-512,100,R
Ind-513,10,S^a
Ind-513,20,S^a
Ind-513,30,I^a
Ind-513,40,I^a
Ind-513,50,I^a
Ind-513,60,I^a
Ind-513,70,R
Ind-513,80,R
Ind-513,90,R
Ind-513,100,R
Ind-514,10,S^a
Ind-514,20,I^a
Ind-514,30,R
Ind-514,40,R
Ind-514,50,R
Ind-514,60,R
Ind-514,70,R
Ind-514,80,R
Ind-514,90,R
Ind-514,100,R
Ind-515,10,S^a
Ind-515,20,I^a
Ind-515,30,R
Ind-515,40,R
Ind-515,50,R
Ind-515,60,R
Ind-515,70,R
Ind-515,80,R
Ind-515,90,R
Ind-515,100,R
Ind-516,10,S^a
Ind-516,20,S^a
Ind-516,30,I^a
Ind-516,40,I^a
Ind-516,50,I^a
Ind-516,60,R
Ind-516,70,R
Ind-516,80,R
Ind-516,90,R
Ind-516,100,R
Ind-517,10,S^a
Ind-517,20,S^a
Ind-517,30,R
Ind-517,40,R
Ind-517,50,R
Ind-517,60,R
Ind-517,70,R
Ind-517,80,R
Ind-517,90,R
Ind-517,100,R
Ind-518,10,S^a
Ind-518,20,S^a
Ind-518,30,S^a
Ind-518,40,I^a
Ind-518,50,I^a
Ind-518,60,I^a
Ind-518,70,I^a
Ind-518,80,R
Ind-518,90,R
Ind-518,100,R
Ind-519,10,I^a
Ind-519,20,R
Ind-519,30,R
Ind-519,40,R
Ind-519,50,R
Ind-519,60,R
Ind-519,70,R
Ind-519,80,R
Ind-519,90,R
Ind-519,100,R
Ind-520,10,S^a
Ind-520,20,I^a
Ind-520,30,I^a
Ind-520,40,R
Ind-520,50,R
Ind-520,60,R
Ind-520,70,R
Ind-520,80,R
Ind-520,90,R
Ind-520,100,R
Ind-521,10,S^a
Ind-521,20,I^a
Ind-521,30,I^a
Ind-521,40,I^a
Ind-521,50,I^a
Ind-521,60,I^a
Ind-521,70,R
Ind-521,80,R
Ind-521,90,R
Ind-521,100,R
Ind-522,10,S^a
Ind-522,20,S^a
Ind-522,30,I^a
Ind-522,40,R
Ind-522,50,R
Ind-522,60,R
Ind-522,70,R
Ind-522,80,R
Ind-522,90,R
Ind-522,100,R
Ind-523,10,S^a
Ind-523,20,S^a
Ind-523,30,S^a
Ind-523,40,S^a
Ind-523,50,S^a
Ind-523,60,I^a
Ind-523,70,I^a
Ind-523,80,I^a
Ind-523,90,R
Ind-523,100,R
Ind-524,10,S^a
Ind-524,20,S^a
Ind-524,30,I^a
Ind-524,40,I^a
Ind-524,50,I^a
Ind-524,60,I^a
Ind-524,70,I^a
Ind-524,80,R
Ind-524,90,R
Ind-524,100,R
Ind-525,10,S^a
Ind-525,20,I^a
Ind-525,30,R
Ind-525,40,R
Ind-525,50,R
Ind-525,60,R
Ind-525,70,R
Ind-525,80,R
Ind-525,90,R
Ind-525,100,R
Ind-526,10,S^a
Ind-526,20,S^a
Ind-526,30,I^a
Ind-526,40,I^a
Ind-526,50,I^a
Ind-526,60,R
Ind-526,70,R
Ind-526,80,R
Ind-526,90,R
Ind-526,100,R
Ind-527,10,I^a
Ind-527,20,R
Ind-527,30,R
Ind-527,40,R
Ind-527,50,R
Ind-527,60,R
Ind-527,70,R
Ind-527,80,R
Ind-527,90,R
Ind-527,100,R
Ind-528,10,S^a
Ind-528,20,S^a
Ind-528,30,S^a
Ind-528,40,R
Ind-528,50,R
Ind-528,60,R
Ind-528,70,R
Ind-528,80,R
Ind-528,90,R
Ind-528,100,R
Ind-529,10,S^a
Ind-529,20,I^a
Ind-529,30,I^a
Ind-529,40,R
Ind-529,50,R
Ind-529,60,R
Ind-529,70,R
Ind-529,80,R
Ind-529,90,R
Ind-529,100,R
Ind-530,10,S^a
Ind-530,20,I^a
Ind-530,30,I^a
Ind-530,40,I^a
Ind-530,50,I^a
Ind-530,60,I^a
Ind-530,70,R
Ind-530,80,R
Ind-530,90,R
Ind-530,100,R
Ind-531,10,S^a
Ind-531,20,S^a
Ind-531,30,R
Ind-531,40,R
Ind-531,50,R
Ind-531,60,R
Ind-531,70,R
Ind-531,80,R
Ind-531,90,R
Ind-531,100,R
Ind-532,10,S^a
Ind-532,20,I^a
Ind-532,30,I^a
Ind-532,40,I^a
Ind-532,50,I^a
Ind-532,60,R
Ind-532,70,R
Ind-532,80,R
Ind-532,90,R
Ind-532,100,R
Ind-533,10,S^a
Ind-533,20,S^a
Ind-533,30,R
Ind-533,40,R
Ind-533,50,R
Ind-533,60,R
Ind-533,70,R
Ind-533,80,R
Ind-533,90,R
Ind-533,100,R
Ind-534,10,S^a
Ind-534,20,S^a
Ind-534,30,I^a
Ind-534,40,I^a
Ind-534,50,R
Ind-534,60,R
Ind-534,70,R
Ind-534,80,R
Ind-534,90,R
Ind-534,100,R
Ind-535,10,S^a
Ind-535,20,S^a
Ind-535,30,S^a
Ind-535,40,R
Ind-535,50,R
Ind-535,60,R
Ind-535,70,R
Ind-535,80,R
Ind-535,90,R
Ind-535,100,R
Ind-536,10,S^a
Ind-536,20,S^a
Ind-536,30,I^a
Ind-536,40,I^a
Ind-536,50,R
Ind-536,60,R
Ind-536,70,R
Ind-536,80,R
Ind-536,90,R
Ind-536,100,R
Ind-537,10,S^a
Ind-537,20,S^a
Ind-537,30,I^a
Ind-537,40,R
Ind-537,50,R
Ind-537,60,R
Ind-537,70,R
Ind-537,80,R
Ind-537,90,R
Ind-537,100,R
Ind-538,10,S^a
Ind-538,20,S^a
Ind-538,30,I^a
Ind-538,40,R
Ind-538,50,R
Ind-538,60,R
Ind-538,70,R
Ind-538,80,R
Ind-538,90,R
Ind-538,100,R
Ind-539,10,S^a
Ind-539,20,I^a
Ind-539,30,I^a
Ind-539,40,I^a
Ind-539,50,I^a
Ind-539,60,I^a
Ind-539,70,R
Ind-539,80,R
Ind-539,90,R
Ind-539,100,R
Ind-540,10,S^a
Ind-540,20,R
Ind-540,30,R
Ind-540,40,R
Ind-540,50,R
Ind-540,60,R
Ind-540,70,R
Ind-540,80,R
Ind-540,90,R
Ind-540,100,R
Ind-541,10,S^a
Ind-541,20,S^a
Ind-541,30,I^a
Ind-541,40,I^a
Ind-541,50,I^a
Ind-541,60,I^a
Ind-541,70,R
Ind-541,80,R
Ind-541,90,R
Ind-541,100,R
Ind-542,10,I^a
Ind-542,20,I^a
Ind-542,30,I^a
Ind-542,40,R
Ind-542,50,R
Ind-542,60,R
Ind-542,70,R
Ind-542,80,R
Ind-542,90,R
Ind-542,100,R
Ind-543,10,S^a
Ind-543,20,S^a
Ind-543,30,S^a
Ind-543,40,I^a
Ind-543,50,R
Ind-543,60,R
Ind-543,70,R
Ind-543,80,R
Ind-543,90,R
Ind-543,100,R
Ind-544,10,S^a
Ind-544,20,I^a
Ind-544,30,R
Ind-544,40,R
Ind-544,50,R
Ind-544,60,R
Ind-544,70,R
Ind-544,80,R
Ind-544,90,R
Ind-544,100,R
Ind-545,10,S^a
Ind-545,20,I^a
Ind-545,30,I^a
Ind-545,40,I^a
Ind-545,50,I^a
Ind-545,60,R
Ind-545,70,R
Ind-545,80,R
Ind-545,90,R
Ind-545,100,R
Ind-546,10,S^a
Ind-546,20,S^a
Ind-546,30,I^a
Ind-546,40,I^a
Ind-546,50,I^a
Ind-546,60,I^a
Ind-546,70,I^a
Ind-546,80,I^a
Ind-546,90,R
Ind-546,100,R
Ind-547,10,S^a
Ind-547,20,I^a
Ind-547,30,I^a
Ind-547,40,R
Ind-547,50,R
Ind-547,60,R
Ind-547,70,R
Ind-547,80,R
Ind-547,90,R
Ind-547,100,R
Ind-548,10,S^a
Ind-548,20,S^a
Ind-548,30,I^a
Ind-548,40,I^a
Ind-548,50,R
Ind-548,60,R
Ind-548,70,R
Ind-548,80,R
Ind-548,90,R
Ind-548,100,R
Ind-549,10,S^a
Ind-549,20,I^a
Ind-549,30,I^a
Ind-549,40,I^a
Ind-549,50,I^a
Ind-549,60,R
Ind-549,70,R
Ind-549,80,R
Ind-549,90,R
Ind-549,100,R
Ind-550,10,S^a
Ind-550,20,I^a
Ind-550,30,I^a
Ind-550,40,I^a
Ind-550,50,I^a
Ind-550,60,R
Ind-550,70,R
Ind-550,80,R
Ind-550,90,R
Ind-550,100,R
Ind-551,10,S^a
Ind-551,20,S^a
Ind-551,30,S^a
Ind-551,40,I^a
Ind-551,50,I^a
Ind-551,60,I^a
Ind-551,70,R
Ind-551,80,R
Ind-551,90,R
Ind-551,100,R
Ind-552,10,S^a
Ind-552,20,S^a
Ind-552,30,S^a
Ind-552,40,R
Ind-552,50,R
Ind-552,60,R
Ind-552,70,R
Ind-552,80,R
Ind-552,90,R
Ind-552,100,R
Ind-553,10,S^a
Ind-553,20,S^a
Ind-553,30,I^a
Ind-553,40,R
Ind-553,50,R
Ind-553,60,R
Ind-553,70,R
Ind-553,80,R
Ind-553,90,R
Ind-553,100,R
Ind-554,10,S^a
Ind-554,20,S^a
Ind-554,30,R
Ind-554,40,R
Ind-554,50,R
Ind-554,60,R
Ind-554,70,R
Ind-554,80,R
Ind-554,90,R
Ind-554,100,R
Ind-555,10,S^a
Ind-555,20,I^a
Ind-555,30,I^a
Ind-555,40,I^a
Ind-555,50,I^a
Ind-555,60,I^a
Ind-555,70,I^a
Ind-555,80,I^a
Ind-555,90,I^a
Ind-555,100,I^a
Ind-556,10,S^a
Ind-556,20,S^a
Ind-556,30,I^a
Ind-556,40,I^a
Ind-556,50,I^a
Ind-556,60,R
Ind-556,70,R
Ind-556,80,R
Ind-556,90,R
Ind-556,100,R
Ind-557,10,S^a
Ind-557,20,I^a
Ind-557,30,I^a
Ind-557,40,I^a
Ind-557,50,R
Ind-557,60,R
Ind-557,70,R
Ind-557,80,R
Ind-557,90,R
Ind-557,100,R
Ind-558,10,S^a
Ind-558,20,I^a
Ind-558,30,R
Ind-558,40,R
Ind-558,50,R
Ind-558,60,R
Ind-558,70,R
Ind-558,80,R
Ind-558,90,R
Ind-558,100,R
Ind-559,10,S^a
Ind-559,20,S^a
Ind-559,30,I^a
Ind-559,40,I^a
Ind-559,50,I^a
Ind-559,60,I^a
Ind-559,70,I^a
Ind-559,80,R
Ind-559,90,R
Ind-559,100,R
Ind-560,10,S^a
Ind-560,20,R
Ind-560,30,R
Ind-560,40,R
Ind-560,50,R
Ind-560,60,R
Ind-560,70,R
Ind-560,80,R
Ind-560,90,R
Ind-560,100,R
Ind-561,10,S^a
Ind-561,20,S^a
Ind-561,30,I^a
Ind-561,40,R
Ind-561,50,R
Ind-561,60,R
Ind-561,70,R
Ind-561,80,R
Ind-561,90,R
Ind-561,100,R
Ind-562,10,S^a
Ind-562,20,S^a
Ind-562,30,I^a
Ind-562,40,I^a
Ind-562,50,I^a
Ind-562,60,I^a
Ind-562,70,R
Ind-562,80,R
Ind-562,90,R
Ind-562,100,R
Ind-563,10,S^a
Ind-563,20,I^a
Ind-563,30,I^a
Ind-563,40,I^a
Ind-563,50,R
Ind-563,60,R
Ind-563,70,R
Ind-563,80,R
Ind-563,90,R
Ind-563,100,R
Ind-564,10,S^a
Ind-564,20,S^a
Ind-564,30,S^a
Ind-564,40,S^a
Ind-564,50,S^a
Ind-564,60,S^a
Ind-564,70,S^a
Ind-564,80,I^a
Ind-564,90,R
Ind-564,100,R
Ind-565,10,S^a
Ind-565,20,I^a
Ind-565,30,I^a
Ind-565,40,R
Ind-565,50,R
Ind-565,60,R
Ind-565,70,R
Ind-565,80,R
Ind-565,90,R
Ind-565,100,R
Ind-566,10,S^a
Ind-566,20,I^a
Ind-566,30,R
Ind-566,40,R
Ind-566,50,R
Ind-566,60,R
Ind-566,70,R
Ind-566,80,R
Ind-566,90,R
Ind-566,100,R
Ind-567,10,S^a
Ind-567,20,S^a
Ind-567,30,S^a
Ind-567,40,S^a
Ind-567,50,I^a
Ind-567,60,R
Ind-567,70,R
Ind-567,80,R
Ind-567,90,R
Ind-567,100,R
Ind-568,10,S^a
Ind-568,20,S^a
Ind-568,30,I^a
Ind-568,40,R
Ind-568,50,R
Ind-568,60,R
Ind-568,70,R
Ind-568,80,R
Ind-568,90,R
Ind-568,100,R
Ind-569,10,S^a
Ind-569,20,S^a
Ind-569,30,R
Ind-569,40,R
Ind-569,50,R
Ind-569,60,R
Ind-569,70,R
Ind-569,80,R
Ind-569,90,R
Ind-569,100,R
Ind-570,10,S^a
Ind-570,20,S^a
Ind-570,30,I^a
Ind-570,40,I^a
Ind-570,50,I^a
Ind-570,60,I^a
Ind-570,70,R
Ind-570,80,R
Ind-570,90,R
Ind-570,100,R
Ind-571,10,S^a
Ind-571,20,I^a
Ind-571,30,I^a
Ind-571,40,I^a
Ind-571,50,R
Ind-571,60,R
Ind-571,70,R
Ind-571,80,R
Ind-571,90,R
Ind-571,100,R
Ind-572,10,I^a
Ind-572,20,I^a
Ind-572,30,R
Ind-572,40,R
Ind-572,50,R
Ind-572,60,R
Ind-572,70,R
Ind-572,80,R
Ind-572,90,R
Ind-572,100,R
Ind-573,10,S^a
Ind-573,20,S^a
Ind-573,30,I^a
Ind-573,40,R
Ind-573,50,R
Ind-573,60,R
Ind-573,70,R
Ind-573,80,R
Ind-573,90,R
Ind-573,100,R
Ind-574,10,S^a
Ind-574,20,S^a
Ind-574,30,R
Ind-574,40,R
Ind-574,50,R
Ind-574,60,R
Ind-574,70,R
Ind-574,80,R
Ind-574,90,R
Ind-574,100,R
Ind-575,10,S^a
Ind-575,20,I^a
Ind-575,30,I^a
Ind-575,40,I^a
Ind-575,50,R
Ind-575,60,R
Ind-575,70,R
Ind-575,80,R
Ind-575,90,R
Ind-575,100,R
Ind-576,10,S^a
Ind-576,20,S^a
Ind-576,30,R
Ind-576,40,R
Ind-576,50,R
Ind-576,60,R
Ind-576,70,R
Ind-576,80,R
Ind-576,90,R
Ind-576,100,R
Ind-577,10,S^a
Ind-577,20,R
Ind-577,30,R
Ind-577,40,R
Ind-577,50,R
Ind-577,60,R
Ind-577,70,R
Ind-577,80,R
Ind-577,90,R
Ind-577,100,R
Ind-578,10,S^a
Ind-578,20,S^a
Ind-578,30,I^a
Ind-578,40,R
Ind-578,50,R
Ind-578,60,R
Ind-578,70,R
Ind-578,80,R
Ind-578,90,R
Ind-578,100,R
Ind-579,10,S^a
Ind-579,20,S^a
Ind-579,30,I^a
Ind-579,40,R
Ind-579,50,R
Ind-579,60,R
Ind-579,70,R
Ind-579,80,R
Ind-579,90,R
Ind-579,100,R
Ind-580,10,I^a
Ind-580,20,R
Ind-580,30,R
Ind-580,40,R
Ind-580,50,R
Ind-580,60,R
Ind-580,70,R
Ind-580,80,R
Ind-580,90,R
Ind-580,100,R
Ind-581,10,S^a
Ind-581,20,S^a
Ind-581,30,I^a
Ind-581,40,I^a
Ind-581,50,I^a
Ind-581,60,R
Ind-581,70,R
Ind-581,80,R
Ind-581,90,R
Ind-581,100,R
Ind-582,10,S^a
Ind-582,20,S^a
Ind-582,30,S^a
Ind-582,40,I^a
Ind-582,50,R
Ind-582,60,R
Ind-582,70,R
Ind-582,80,R
Ind-582,90,R
Ind-582,100,R
Ind-583,10,S^a
Ind-583,20,S^a
Ind-583,30,I^a
Ind-583,40,R
Ind-583,50,R
Ind-583,60,R
Ind-583,70,R
Ind-583,80,R
Ind-583,90,R
Ind-583,100,R
Ind-584,10,S^a
Ind-584,20,S^a
Ind-584,30,I^a
Ind-584,40,R
Ind-584,50,R
Ind-584,60,R
Ind-584,70,R
Ind-584,80,R
Ind-584,90,R
Ind-584,100,R
Ind-585,10,S^a
Ind-585,20,S^a
Ind-585,30,S^a
Ind-585,40,R
Ind-585,50,R
Ind-585,60,R
Ind-585,70,R
Ind-585,80,R
Ind-585,90,R
Ind-585,100,R
Ind-586,10,S^a
Ind-586,20,S^a
Ind-586,30,R
Ind-586,40,R
Ind-586,50,R
Ind-586,60,R
Ind-586,70,R
Ind-586,80,R
Ind-586,90,R
Ind-586,100,R
Ind-587,10,S^a
Ind-587,20,S^a
Ind-587,30,I^a
Ind-587,40,I^a
Ind-587,50,I^a
Ind-587,60,I^a
Ind-587,70,I^a
Ind-587,80,I^a
Ind-587,90,I^a
Ind-587,100,R
Ind-588,10,S^a
Ind-588,20,I^a
Ind-588,30,R
Ind-588,40,R
Ind-588,50,R
Ind-588,60,R
Ind-588,70,R
Ind-588,80,R
Ind-588,90,R
Ind-588,100,R
Ind-589,10,S^a
Ind-589,20,S^a
Ind-589,30,S^a
Ind-589,40,R
Ind-589,50,R
Ind-589,60,R
Ind-589,70,R
Ind-589,80,R
Ind-589,90,R
Ind-589,100,R
Ind-590,10,S^a
Ind-590,20,I^a
Ind-590,30,I^a
Ind-590,40,I^a
Ind-590,50,I^a
Ind-590,60,I^a
Ind-590,70,I^a
Ind-590,80,I^a
Ind-590,90,I^a
Ind-590,100,R
Ind-591,10,S^a
Ind-591,20,I^a
Ind-591,30,I^a
Ind-591,40,R
Ind-591,50,R
Ind-591,60,R
Ind-591,70,R
Ind-591,80,R
Ind-591,90,R
Ind-591,100,R
Ind-592,10,S^a
Ind-592,20,I^a
Ind-592,30,I^a
Ind-592,40,R
Ind-592,50,R
Ind-592,60,R
Ind-592,70,R
Ind-592,80,R
Ind-592,90,R
Ind-592,100,R
Ind-593,10,S^a
Ind-593,20,S^a
Ind-593,30,S^a
Ind-593,40,R
Ind-593,50,R
Ind-593,60,R
Ind-593,70,R
Ind-593,80,R
Ind-593,90,R
Ind-593,100,R
Ind-594,10,I^a
Ind-594,20,R
Ind-594,30,R
Ind-594,40,R
Ind-594,50,R
Ind-594,60,R
Ind-594,70,R
Ind-594,80,R
Ind-594,90,R
Ind-594,100,R
Ind-595,10,S^a
Ind-595,20,S^a
Ind-595,30,I^a
Ind-595,40,I^a
Ind-595,50,R
Ind-595,60,R
Ind-595,70,R
Ind-595,80,R
Ind-595,90,R
Ind-595,100,R
Ind-596,10,S^a
Ind-596,20,S^a
Ind-596,30,S^a
Ind-596,40,R
Ind-596,50,R
Ind-596,60,R
Ind-596,70,R
Ind-596,80,R
Ind-596,90,R
Ind-596,100,R
Ind-597,10,S^a
Ind-597,20,S^a
Ind-597,30,S^a
Ind-597,40,I^a
Ind-597,50,I^a
Ind-597,60,I^a
Ind-597,70,I^a
Ind-597,80,I^a
Ind-597,90,R
Ind-597,100,R
Ind-598,10,S^a
Ind-598,20,I^a
Ind-598,30,I^a
Ind-598,40,R
Ind-598,50,R
Ind-598,60,R
Ind-598,70,R
Ind-598,80,R
Ind-598,90,R
Ind-598,100,R
Ind-599,10,S^a
Ind-599,20,S^a
Ind-599,30,I^a
Ind-599,40,R
Ind-599,50,R
Ind-599,60,R
Ind-599,70,R
Ind-599,80,R
Ind-599,90,R
Ind-599,100,R
Ind-600,10,S^a
Ind-600,20,S^a
Ind-600,30,I^a
Ind-600,40,I^a
Ind-600,50,R
Ind-600,60,R
Ind-600,70,R
Ind-600,80,R
Ind-600,90,R
Ind-600,100,R
Ind-601,10,S^a
Ind-601,20,I^a
Ind-601,30,R
Ind-601,40,R
Ind-601,50,R
Ind-601,60,R
Ind-601,70,R
Ind-601,80,R
Ind-601,90,R
Ind-601,100,R
Ind-602,10,S^a
Ind-602,20,S^a
Ind-602,30,R
Ind-602,40,R
Ind-602,50,R
Ind-602,60,R
Ind-602,70,R
Ind-602,80,R
Ind-602,90,R
Ind-602,100,R
Ind-603,10,S^a
Ind-603,20,S^a
Ind-603,30,R
Ind-603,40,R
Ind-603,50,R
Ind-603,60,R
Ind-603,70,R
Ind-603,80,R
Ind-603,90,R
Ind-603,100,R
Ind-604,10,S^a
Ind-604,20,S^a
Ind-604,30,I^a
Ind-604,40,I^a
Ind-604,50,I^a
Ind-604,60,R
Ind-604,70,R
Ind-604,80,R
Ind-604,90,R
Ind-604,100,R
Ind-605,10,I^a
Ind-605,20,R
Ind-605,30,R
Ind-605,40,R
Ind-605,50,R
Ind-605,60,R
Ind-605,70,R
Ind-605,80,R
Ind-605,90,R
Ind-605,100,R
Ind-606,10,S^a
Ind-606,20,S^a
Ind-606,30,R
Ind-606,40,R
Ind-606,50,R
Ind-606,60,R
Ind-606,70,R
Ind-606,80,R
Ind-606,90,R
Ind-606,100,R
Ind-607,10,S^a
Ind-607,20,R
Ind-607,30,R
Ind-607,40,R
Ind-607,50,R
Ind-607,60,R
Ind-607,70,R
Ind-607,80,R
Ind-607,90,R
Ind-607,100,R
Ind-608,10,I^a
Ind-608,20,R
Ind-608,30,R
Ind-608,40,R
Ind-608,50,R
Ind-608,60,R
Ind-608,70,R
Ind-608,80,R
Ind-608,90,R
Ind-608,100,R
Ind-609,10,S^a
Ind-609,20,S^a
Ind-609,30,I^a
Ind-609,40,R
Ind-609,50,R
Ind-609,60,R
Ind-609,70,R
Ind-609,80,R
Ind-609,90,R
Ind-609,100,R
Ind-610,10,S^a
Ind-610,20,I^a
Ind-610,30,I^a
Ind-610,40,I^a
Ind-610,50,I^a
Ind-610,60,I^a
Ind-610,70,R
Ind-610,80,R
Ind-610,90,R
Ind-610,100,R
Ind-611,10,S^a
Ind-611,20,I^a
Ind-611,30,R
Ind-611,40,R
Ind-611,50,R
Ind-611,60,R
Ind-611,70,R
Ind-611,80,R
Ind-611,90,R
Ind-611,100,R
Ind-612,10,S^a
Ind-612,20,S^a
Ind-612,30,S^a
Ind-612,40,R
Ind-612,50,R
Ind-612,60,R
Ind-612,70,R
Ind-612,80,R
Ind-612,90,R
Ind-612,100,R
Ind-613,10,S^a
Ind-613,20,S^a
Ind-613,30,I^a
Ind-613,40,R
Ind-613,50,R
Ind-613,60,R
Ind-613,70,R
Ind-613,80,R
Ind-613,90,R
Ind-613,100,R
Ind-614,10,I^a
Ind-614,20,R
Ind-614,30,R
Ind-614,40,R
Ind-614,50,R
Ind-614,60,R
Ind-614,70,R
Ind-614,80,R
Ind-614,90,R
Ind-614,100,R
Ind-615,10,S^a
Ind-615,20,I^a
Ind-615,30,I^a
Ind-615,40,R
Ind-615,50,R
Ind-615,60,R
Ind-615,70,R
Ind-615,80,R
Ind-615,90,R
Ind-615,100,R
Ind-616,10,S^a
Ind-616,20,S^a
Ind-616,30,I^a
Ind-616,40,R
Ind-616,50,R
Ind-616,60,R
Ind-616,70,R
Ind-616,80,R
Ind-616,90,R
Ind-616,100,R
Ind-617,10,S^a
Ind-617,20,I^a
Ind-617,30,I^a
Ind-617,40,I^a
Ind-617,50,R
Ind-617,60,R
Ind-617,70,R
Ind-617,80,R
Ind-617,90,R
Ind-617,100,R
Ind-618,10,I^a
Ind-618,20,I^a
Ind-618,30,I^a
Ind-618,40,R
Ind-618,50,R
Ind-618,60,R
Ind-618,70,R
Ind-618,80,R
Ind-618,90,R
Ind-618,100,R
Ind-619,10,S^a
Ind-619,20,S^a
Ind-619,30,I^a
Ind-619,40,I^a
Ind-619,50,I^a
Ind-619,60,I^a
Ind-619,70,I^a
Ind-619,80,I^a
Ind-619,90,I^a
Ind-619,100,I^a
Ind-620,10,S^a
Ind-620,20,S^a
Ind-620,30,I^a
Ind-620,40,I^a
Ind-620,50,I^a
Ind-620,60,I^a
Ind-620,70,I^a
Ind-620,80,I^a
Ind-620,90,R
Ind-620,100,R
Ind-621,10,S^a
Ind-621,20,S^a
Ind-621,30,I^a
Ind-621,40,R
Ind-621,50,R
Ind-621,60,R
Ind-621,70,R
Ind-621,80,R
Ind-621,90,R
Ind-621,100,R
Ind-622,10,I^a
Ind-622,20,I^a
Ind-622,30,R
Ind-622,40,R
Ind-622,50,R
Ind-622,60,R
Ind-622,70,R
Ind-622,80,R
Ind-622,90,R
Ind-622,100,R
Ind-623,10,S^a
Ind-623,20,I^a
Ind-623,30,R
Ind-623,40,R
Ind-623,50,R
Ind-623,60,R
Ind-623,70,R
Ind-623,80,R
Ind-623,90,R
Ind-623,100,R
Ind-624,10,S^a
Ind-624,20,I^a
Ind-624,30,R
Ind-624,40,R
Ind-624,50,R
Ind-624,60,R
Ind-624,70,R
Ind-624,80,R
Ind-624,90,R
Ind-624,100,R
Ind-625,10,S^a
Ind-625,20,S^a
Ind-625,30,R
Ind-625,40,R
Ind-625,50,R
Ind-625,60,R
Ind-625,70,R
Ind-625,80,R
Ind-625,90,R
Ind-625,100,R
Ind-626,10,S^a
Ind-626,20,I^a
Ind-626,30,R
Ind-626,40,R
Ind-626,50,R
Ind-626,60,R
Ind-626,70,R
Ind-626,80,R
Ind-626,90,R
Ind-626,100,R
Ind-627,10,S^a
Ind-627,20,R
Ind-627,30,R
Ind-627,40,R
Ind-627,50,R
Ind-627,60,R
Ind-627,70,R
Ind-627,80,R
Ind-627,90,R
Ind-627,100,R
Ind-628,10,S^a
Ind-628,20,I^a
Ind-628,30,R
Ind-628,40,R
Ind-628,50,R
Ind-628,60,R
Ind-628,70,R
Ind-628,80,R
Ind-628,90,R
Ind-628,100,R
Ind-629,10,S^a
Ind-629,20,S^a
Ind-629,30,S^a
Ind-629,40,R
Ind-629,50,R
Ind-629,60,R
Ind-629,70,R
Ind-629,80,R
Ind-629,90,R
Ind-629,100,R
Ind-630,10,S^a
Ind-630,20,S^a
Ind-630,30,R
Ind-630,40,R
Ind-630,50,R
Ind-630,60,R
Ind-630,70,R
Ind-630,80,R
Ind-630,90,R
Ind-630,100,R
Ind-631,10,S^a
Ind-631,20,S^a
Ind-631,30,R
Ind-631,40,R
Ind-631,50,R
Ind-631,60,R
Ind-631,70,R
Ind-631,80,R
Ind-631,90,R
Ind-631,100,R
Ind-632,10,S^a
Ind-632,20,I^a
Ind-632,30,R
Ind-632,40,R
Ind-632,50,R
Ind-632,60,R
Ind-632,70,R
Ind-632,80,R
Ind-632,90,R
Ind-632,100,R
Ind-633,10,S^a
Ind-633,20,S^a
Ind-633,30,I^a
Ind-633,40,I^a
Ind-633,50,I^a
Ind-633,60,R
Ind-633,70,R
Ind-633,80,R
Ind-633,90,R
Ind-633,100,R
Ind-634,10,S^a
Ind-634,20,S^a
Ind-634,30,R
Ind-634,40,R
Ind-634,50,R
Ind-634,60,R
Ind-634,70,R
Ind-634,80,R
Ind-634,90,R
Ind-634,100,R
Ind-635,10,S^a
Ind-635,20,I^a
Ind-635,30,I^a
Ind-635,40,R
Ind-635,50,R
Ind-635,60,R
Ind-635,70,R
Ind-635,80,R
Ind-635,90,R
Ind-635,100,R
Ind-636,10,I^a
Ind-636,20,I^a
Ind-636,30,I^a
Ind-636,40,I^a
Ind-636,50,I^a
Ind-636,60,I^a
Ind-636,70,R
Ind-636,80,R
Ind-636,90,R
Ind-636,100,R
Ind-637,10,S^a
Ind-637,20,S^a
Ind-637,30,S^a
Ind-637,40,R
Ind-637,50,R
Ind-637,60,R
Ind-637,70,R
Ind-637,80,R
Ind-637,90,R
Ind-637,100,R
Ind-638,10,I^a
Ind-638,20,I^a
Ind-638,30,R
Ind-638,40,R
Ind-638,50,R
Ind-638,60,R
Ind-638,70,R
Ind-638,80,R
Ind-638,90,R
Ind-638,100,R
Ind-639,10,S^a
Ind-639,20,I^a
Ind-639,30,R
Ind-639,40,R
Ind-639,50,R
Ind-639,60,R
Ind-639,70,R
Ind-639,80,R
Ind-639,90,R
Ind-639,100,R
Ind-640,10,S^a
Ind-640,20,I^a
Ind-640,30,R
Ind-640,40,R
Ind-640,50,R
Ind-640,60,R
Ind-640,70,R
Ind-640,80,R
Ind-640,90,R
Ind-640,100,R
Ind-641,10,S^a
Ind-641,20,S^a
Ind-641,30,R
Ind-641,40,R
Ind-641,50,R
Ind-641,60,R
Ind-641,70,R
Ind-641,80,R
Ind-641,90,R
Ind-641,100,R
Ind-642,10,S^a
Ind-642,20,I^a
Ind-642,30,R
Ind-642,40,R
Ind-642,50,R
Ind-642,60,R
Ind-642,70,R
Ind-642,80,R
Ind-642,90,R
Ind-642,100,R
Ind-643,10,S^a
Ind-643,20,S^a
Ind-643,30,I^a
Ind-643,40,R
Ind-643,50,R
Ind-643,60,R
Ind-643,70,R
Ind-643,80,R
Ind-643,90,R
Ind-643,100,R
Ind-644,10,S^a
Ind-644,20,I^a
Ind-644,30,I^a
Ind-644,40,I^a
Ind-644,50,R
Ind-644,60,R
Ind-644,70,R
Ind-644,80,R
Ind-644,90,R
Ind-644,100,R
Ind-645,10,S^a
Ind-645,20,S^a
Ind-645,30,I^a
Ind-645,40,I^a
Ind-645,50,I^a
Ind-645,60,I^a
Ind-645,70,R
Ind-645,80,R
Ind-645,90,R
Ind-645,100,R
Ind-646,10,S^a
Ind-646,20,I^a
Ind-646,30,I^a
Ind-646,40,R
Ind-646,50,R
Ind-646,60,R
Ind-646,70,R
Ind-646,80,R
Ind-646,90,R
Ind-646,100,R
Ind-647,10,S^a
Ind-647,20,I^a
Ind-647,30,I^a
Ind-647,40,R
Ind-647,50,R
Ind-647,60,R
Ind-647,70,R
Ind-647,80,R
Ind-647,90,R
Ind-647,100,R
Ind-648,10,S^a
Ind-648,20,R
Ind-648,30,R
Ind-648,40,R
Ind-648,50,R
Ind-648,60,R
Ind-648,70,R
Ind-648,80,R
Ind-648,90,R
Ind-648,100,R
Ind-649,10,S^a
Ind-649,20,I^a
Ind-649,30,I^a
Ind-649,40,R
Ind-649,50,R
Ind-649,60,R
Ind-649,70,R
Ind-649,80,R
Ind-649,90,R
Ind-649,100,R
Ind-650,10,R
Ind-650,20,R
Ind-650,30,R
Ind-650,40,R
Ind-650,50,R
Ind-650,60,R
Ind-650,70,R
Ind-650,80,R
Ind-650,90,R
Ind-650,100,R
Ind-651,10,S^a
Ind-651,20,S^a
Ind-651,30,R
Ind-651,40,R
Ind-651,50,R
Ind-651,60,R
Ind-651,70,R
Ind-651,80,R
Ind-651,90,R
Ind-651,100,R
Ind-652,10,S^a
Ind-652,20,I^a
Ind-652,30,R
Ind-652,40,R
Ind-652,50,R
Ind-652,60,R
Ind-652,70,R
Ind-652,80,R
Ind-652,90,R
Ind-652,100,R
Ind-653,10,S^a
Ind-653,20,I^a
Ind-653,30,I^a
Ind-653,40,R
Ind-653,50,R
Ind-653,60,R
Ind-653,70,R
Ind-653,80,R
Ind-653,90,R
Ind-653,100,R
Ind-654,10,S^a
Ind-654,20,S^a
Ind-654,30,I^a
Ind-654,40,I^a
Ind-654,50,I^a
Ind-654,60,I^a
Ind-654,70,R
Ind-654,80,R
Ind-654,90,R
Ind-654,100,R
Ind-655,10,S^a
Ind-655,20,I^a
Ind-655,30,I^a
Ind-655,40,R
Ind-655,50,R
Ind-655,60,R
Ind-655,70,R
Ind-655,80,R
Ind-655,90,R
Ind-655,100,R
Ind-656,10,S^a
Ind-656,20,R
Ind-656,30,R
Ind-656,40,R
Ind-656,50,R
Ind-656,60,R
Ind-656,70,R
Ind-656,80,R
Ind-656,90,R
Ind-656,100,R
Ind-657,10,R
Ind-657,20,R
Ind-657,30,R
Ind-657,40,R
Ind-657,50,R
Ind-657,60,R
Ind-657,70,R
Ind-657,80,R
Ind-657,90,R
Ind-657,100,R
Ind-658,10,S^a
Ind-658,20,S^a
Ind-658,30,S^a
Ind-658,40,S^a
Ind-658,50,R
Ind-658,60,R
Ind-658,70,R
Ind-658,80,R
Ind-658,90,R
Ind-658,100,R
Ind-659,10,S^a
Ind-659,20,S^a
Ind-659,30,I^a
Ind-659,40,I^a
Ind-659,50,R
Ind-659,60,R
Ind-659,70,R
Ind-659,80,R
Ind-659,90,R
Ind-659,100,R
Ind-660,10,S^a
Ind-660,20,I^a
Ind-660,30,R
Ind-660,40,R
Ind-660,50,R
Ind-660,60,R
Ind-660,70,R
Ind-660,80,R
Ind-660,90,R
Ind-660,100,R
Ind-661,10,S^a
Ind-661,20,S^a
Ind-661,30,I^a
Ind-661,40,I^a
Ind-661,50,I^a
Ind-661,60,R
Ind-661,70,R
Ind-661,80,R
Ind-661,90,R
Ind-661,100,R
Ind-662,10,S^a
Ind-662,20,S^a
Ind-662,30,I^a
Ind-662,40,I^a
Ind-662,50,R
Ind-662,60,R
Ind-662,70,R
Ind-662,80,R
Ind-662,90,R
Ind-662,100,R
Ind-663,10,S^a
Ind-663,20,S^a
Ind-663,30,R
Ind-663,40,R
Ind-663,50,R
Ind-663,60,R
Ind-663,70,R
Ind-663,80,R
Ind-663,90,R
Ind-663,100,R
Ind-664,10,S^a
Ind-664,20,I^a
Ind-664,30,I^a
Ind-664,40,I^a
Ind-664,50,R
Ind-664,60,R
Ind-664,70,R
Ind-664,80,R
Ind-664,90,R
Ind-664,100,R
Ind-665,10,S^a
Ind-665,20,S^a
Ind-665,30,R
Ind-665,40,R
Ind-665,50,R
Ind-665,60,R
Ind-665,70,R
Ind-665,80,R
Ind-665,90,R
Ind-665,100,R
Ind-666,10,I^a
Ind-666,20,R
Ind-666,30,R
Ind-666,40,R
Ind-666,50,R
Ind-666,60,R
Ind-666,70,R
Ind-666,80,R
Ind-666,90,R
Ind-666,100,R
Ind-667,10,S^a
Ind-667,20,S^a
Ind-667,30,I^a
Ind-667,40,I^a
Ind-667,50,I^a
Ind-667,60,I^a
Ind-667,70,I^a
Ind-667,80,I^a
Ind-667,90,I^a
Ind-667,100,R
Ind-668,10,S^a
Ind-668,20,S^a
Ind-668,30,I^a
Ind-668,40,R
Ind-668,50,R
Ind-668,60,R
Ind-668,70,R
Ind-668,80,R
Ind-668,90,R
Ind-668,100,R
Ind-669,10,S^a
Ind-669,20,S^a
Ind-669,30,I^a
Ind-669,40,R
Ind-669,50,R
Ind-669,60,R
Ind-669,70,R
Ind-669,80,R
Ind-669,90,R
Ind-669,100,R
Ind-670,10,S^a
Ind-670,20,S^a
Ind-670,30,I^a
Ind-670,40,R
Ind-670,50,R
Ind-670,60,R
Ind-670,70,R
Ind-670,80,R
Ind-670,90,R
Ind-670,100,R
Ind-671,10,S^a
Ind-671,20,S^a
Ind-671,30,I^a
Ind-671,40,I^a
Ind-671,50,I^a
Ind-671,60,I^a
Ind-671,70,I^a
Ind-671,80,R
Ind-671,90,R
Ind-671,100,R
Ind-672,10,S^a
Ind-672,20,S^a
Ind-672,30,I^a
Ind-672,40,I^a
Ind-672,50,I^a
Ind-672,60,R
Ind-672,70,R
Ind-672,80,R
Ind-672,90,R
Ind-672,100,R
Ind-673,10,S^a
Ind-673,20,I^a
Ind-673,30,R
Ind-673,40,R
Ind-673,50,R
Ind-673,60,R
Ind-673,70,R
Ind-673,80,R
Ind-673,90,R
Ind-673,100,R
Ind-674,10,S^a
Ind-674,20,I^a
Ind-674,30,R
Ind-674,40,R
Ind-674,50,R
Ind-674,60,R
Ind-674,70,R
Ind-674,80,R
Ind-674,90,R
Ind-674,100,R
Ind-675,10,I^a
Ind-675,20,R
Ind-675,30,R
Ind-675,40,R
Ind-675,50,R
Ind-675,60,R
Ind-675,70,R
Ind-675,80,R
Ind-675,90,R
Ind-675,100,R
Ind-676,10,S^a
Ind-676,20,S^a
Ind-676,30,R
Ind-676,40,R
Ind-676,50,R
Ind-676,60,R
Ind-676,70,R
Ind-676,80,R
Ind-676,90,R
Ind-676,100,R
Ind-677,10,I^a
Ind-677,20,I^a
Ind-677,30,R
Ind-677,40,R
Ind-677,50,R
Ind-677,60,R
Ind-677,70,R
Ind-677,80,R
Ind-677,90,R
Ind-677,100,R
Ind-678,10,S^a
Ind-678,20,I^a
Ind-678,30,R
Ind-678,40,R
Ind-678,50,R
Ind-678,60,R
Ind-678,70,R
Ind-678,80,R
Ind-678,90,R
Ind-678,100,R
Ind-679,10,S^a
Ind-679,20,I^a
Ind-679,30,I^a
Ind-679,40,R
Ind-679,50,R
Ind-679,60,R
Ind-679,70,R
Ind-679,80,R
Ind-679,90,R
Ind-679,100,R
Ind-680,10,S^a
Ind-680,20,S^a
Ind-680,30,S^a
Ind-680,40,R
Ind-680,50,R
Ind-680,60,R
Ind-680,70,R
Ind-680,80,R
Ind-680,90,R
Ind-680,100,R
Ind-681,10,S^a
Ind-681,20,I^a
Ind-681,30,R
Ind-681,40,R
Ind-681,50,R
Ind-681,60,R
Ind-681,70,R
Ind-681,80,R
Ind-681,90,R
Ind-681,100,R
Ind-682,10,S^a
Ind-682,20,I^a
Ind-682,30,R
Ind-682,40,R
Ind-682,50,R
Ind-682,60,R
Ind-682,70,R
Ind-682,80,R
Ind-682,90,R
Ind-682,100,R
Ind-683,10,S^a
Ind-683,20,R
Ind-683,30,R
Ind-683,40,R
Ind-683,50,R
Ind-683,60,R
Ind-683,70,R
Ind-683,80,R
Ind-683,90,R
Ind-683,100,R
Ind-684,10,S^a
Ind-684,20,S^a
Ind-684,30,S^a
Ind-684,40,I^a
Ind-684,50,I^a
Ind-684,60,R
Ind-684,70,R
Ind-684,80,R
Ind-684,90,R
Ind-684,100,R
Ind-685,10,S^a
Ind-685,20,S^a
Ind-685,30,I^a
Ind-685,40,I^a
Ind-685,50,R
Ind-685,60,R
Ind-685,70,R
Ind-685,80,R
Ind-685,90,R
Ind-685,100,R
Ind-686,10,S^a
Ind-686,20,S^a
Ind-686,30,S^a
Ind-686,40,I^a
Ind-686,50,I^a
Ind-686,60,I^a
Ind-686,70,R
Ind-686,80,R
Ind-686,90,R
Ind-686,100,R
Ind-687,10,S^a
Ind-687,20,I^a
Ind-687,30,R
Ind-687,40,R
Ind-687,50,R
Ind-687,60,R
Ind-687,70,R
Ind-687,80,R
Ind-687,90,R
Ind-687,100,R
Ind-688,10,S^a
Ind-688,20,S^a
Ind-688,30,I^a
Ind-688,40,I^a
Ind-688,50,I^a
Ind-688,60,R
Ind-688,70,R
Ind-688,80,R
Ind-688,90,R
Ind-688,100,R
Ind-689,10,S^a
Ind-689,20,I^a
Ind-689,30,R
Ind-689,40,R
Ind-689,50,R
Ind-689,60,R
Ind-689,70,R
Ind-689,80,R
Ind-689,90,R
Ind-689,100,R
Ind-690,10,S^a
Ind-690,20,I^a
Ind-690,30,I^a
Ind-690,40,R
Ind-690,50,R
Ind-690,60,R
Ind-690,70,R
Ind-690,80,R
Ind-690,90,R
Ind-690,100,R
Ind-691,10,S^a
Ind-691,20,S^a
Ind-691,30,I^a
Ind-691,40,R
Ind-691,50,R
Ind-691,60,R
Ind-691,70,R
Ind-691,80,R
Ind-691,90,R
Ind-691,100,R
Ind-692,10,S^a
Ind-692,20,S^a
Ind-692,30,R
Ind-692,40,R
Ind-692,50,R
Ind-692,60,R
Ind-692,70,R
Ind-692,80,R
Ind-692,90,R
Ind-692,100,R
Ind-693,10,S^a
Ind-693,20,S^a
Ind-693,30,S^a
Ind-693,40,I^a
Ind-693,50,I^a
Ind-693,60,R
Ind-693,70,R
Ind-693,80,R
Ind-693,90,R
Ind-693,100,R
Ind-694,10,S^a
Ind-694,20,S^a
Ind-694,30,I^a
Ind-694,40,I^a
Ind-694,50,I^a
Ind-694,60,I^a
Ind-694,70,R
Ind-694,80,R
Ind-694,90,R
Ind-694,100,R
Ind-695,10,S^a
Ind-695,20,I^a
Ind-695,30,I^a
Ind-695,40,R
Ind-695,50,R
Ind-695,60,R
Ind-695,70,R
Ind-695,80,R
Ind-695,90,R
Ind-695,100,R
Ind-696,10,S^a
Ind-696,20,S^a
Ind-696,30,S^a
Ind-696,40,S^a
Ind-696,50,S^a
Ind-696,60,S^a
Ind-696,70,S^a
Ind-696,80,S^a
Ind-696,90,S^a
Ind-696,100,S^a
Ind-697,10,S^a
Ind-697,20,I^a
Ind-697,30,I^a
Ind-697,40,I^a
Ind-697,50,R
Ind-697,60,R
Ind-697,70,R
Ind-697,80,R
Ind-697,90,R
Ind-697,100,R
Ind-698,10,R
Ind-698,20,R
Ind-698,30,R
Ind-698,40,R
Ind-698,50,R
Ind-698,60,R
Ind-698,70,R
Ind-698,80,R
Ind-698,90,R
Ind-698,100,R
Ind-699,10,S^a
Ind-699,20,S^a
Ind-699,30,S^a
Ind-699,40,R
Ind-699,50,R
Ind-699,60,R
Ind-699,70,R
Ind-699,80,R
Ind-699,90,R
Ind-699,100,R
Ind-700,10,S^a
Ind-700,20,I^a
Ind-700,30,I^a
Ind-700,40,R
Ind-700,50,R
Ind-700,60,R
Ind-700,70,R
Ind-700,80,R
Ind-700,90,R
Ind-700,100,R
Ind-701,10,S^a
Ind-701,20,I^a
Ind-701,30,R
Ind-701,40,R
Ind-701,50,R
Ind-701,60,R
Ind-701,70,R
Ind-701,80,R
Ind-701,90,R
Ind-701,100,R
Ind-702,10,S^a
Ind-702,20,S^a
Ind-702,30,I^a
Ind-702,40,I^a
Ind-702,50,I^a
Ind-702,60,I^a
Ind-702,70,R
Ind-702,80,R
Ind-702,90,R
Ind-702,100,R
Ind-703,10,S^a
Ind-703,20,I^a
Ind-703,30,I^a
Ind-703,40,I^a
Ind-703,50,I^a
Ind-703,60,R
Ind-703,70,R
Ind-703,80,R
Ind-703,90,R
Ind-703,100,R
Ind-704,10,S^a
Ind-704,20,I^a
Ind-704,30,R
Ind-704,40,R
Ind-704,50,R
Ind-704,60,R
Ind-704,70,R
Ind-704,80,R
Ind-704,90,R
Ind-704,100,R
Ind-705,10,S^a
Ind-705,20,S^a
Ind-705,30,I^a
Ind-705,40,R
Ind-705,50,R
Ind-705,60,R
Ind-705,70,R
Ind-705,80,R
Ind-705,90,R
Ind-705,100,R
Ind-706,10,S^a
Ind-706,20,S^a
Ind-706,30,I^a
Ind-706,40,R
Ind-706,50,R
Ind-706,60,R
Ind-706,70,R
Ind-706,80,R
Ind-706,90,R
Ind-706,100,R
Ind-707,10,S^a
Ind-707,20,S^a
Ind-707,30,S^a
Ind-707,40,S^a
Ind-707,50,R
Ind-707,60,R
Ind-707,70,R
Ind-707,80,R
Ind-707,90,R
Ind-707,100,R
Ind-708,10,S^a
Ind-708,20,I^a
Ind-708,30,R
Ind-708,40,R
Ind-708,50,R
Ind-708,60,R
Ind-708,70,R
Ind-708,80,R
Ind-708,90,R
Ind-708,100,R
Ind-709,10,S^a
Ind-709,20,S^a
Ind-709,30,R
Ind-709,40,R
Ind-709,50,R
Ind-709,60,R
Ind-709,70,R
Ind-709,80,R
Ind-709,90,R
Ind-709,100,R
Ind-710,10,S^a
Ind-710,20,S^a
Ind-710,30,R
Ind-710,40,R
Ind-710,50,R
Ind-710,60,R
Ind-710,70,R
Ind-710,80,R
Ind-710,90,R
Ind-710,100,R
Ind-711,10,S^a
Ind-711,20,S^a
Ind-711,30,R
Ind-711,40,R
Ind-711,50,R
Ind-711,60,R
Ind-711,70,R
Ind-711,80,R
Ind-711,90,R
Ind-711,100,R
Ind-712,10,S^a
Ind-712,20,I^a
Ind-712,30,I^a
Ind-712,40,I^a
Ind-712,50,I^a
Ind-712,60,R
Ind-712,70,R
Ind-712,80,R
Ind-712,90,R
Ind-712,100,R
Ind-713,10,S^a
Ind-713,20,S^a
Ind-713,30,R
Ind-713,40,R
Ind-713,50,R
Ind-713,60,R
Ind-713,70,R
Ind-713,80,R
Ind-713,90,R
Ind-713,100,R
Ind-714,10,S^a
Ind-714,20,S^a
Ind-714,30,I^a
Ind-714,40,I^a
Ind-714,50,I^a
Ind-714,60,I^a
Ind-714,70,I^a
Ind-714,80,I^a
Ind-714,90,I^a
Ind-714,100,I^a
Ind-715,10,S^a
Ind-715,20,S^a
Ind-715,30,I^a
Ind-715,40,I^a
Ind-715,50,R
Ind-715,60,R
Ind-715,70,R
Ind-715,80,R
Ind-715,90,R
Ind-715,100,R
Ind-716,10,S^a
Ind-716,20,I^a
Ind-716,30,R
Ind-716,40,R
Ind-716,50,R
Ind-716,60,R
Ind-716,70,R
Ind-716,80,R
Ind-716,90,R
Ind-716,100,R
Ind-717,10,S^a
Ind-717,20,S^a
Ind-717,30,I^a
Ind-717,40,I^a
Ind-717,50,I^a
Ind-717,60,R
Ind-717,70,R
Ind-717,80,R
Ind-717,90,R
Ind-717,100,R
Ind-718,10,S^a
Ind-718,20,S^a
Ind-718,30,I^a
Ind-718,40,I^a
Ind-718,50,I^a
Ind-718,60,R
Ind-718,70,R
Ind-718,80,R
Ind-718,90,R
Ind-718,100,R
Ind-719,10,S^a
Ind-719,20,S^a
Ind-719,30,I^a
Ind-719,40,I^a
Ind-719,50,I^a
Ind-719,60,I^a
Ind-719,70,I^a
Ind-719,80,I^a
Ind-719,90,R
Ind-719,100,R
Ind-720,10,S^a
Ind-720,20,I^a
Ind-720,30,R
Ind-720,40,R
Ind-720,50,R
Ind-720,60,R
Ind-720,70,R
Ind-720,80,R
Ind-720,90,R
Ind-720,100,R
Ind-721,10,I^a
Ind-721,20,R
Ind-721,30,R
Ind-721,40,R
Ind-721,50,R
Ind-721,60,R
Ind-721,70,R
Ind-721,80,R
Ind-721,90,R
Ind-721,100,R
Ind-722,10,S^a
Ind-722,20,S^a
Ind-722,30,I^a
Ind-722,40,R
Ind-722,50,R
Ind-722,60,R
Ind-722,70,R
Ind-722,80,R
Ind-722,90,R
Ind-722,100,R
Ind-723,10,S^a
Ind-723,20,I^a
Ind-723,30,I^a
Ind-723,40,I^a
Ind-723,50,R
Ind-723,60,R
Ind-723,70,R
Ind-723,80,R
Ind-723,90,R
Ind-723,100,R
Ind-724,10,S^a
Ind-724,20,S^a
Ind-724,30,I^a
Ind-724,40,I^a
Ind-724,50,I^a
Ind-724,60,I^a
Ind-724,70,I^a
Ind-724,80,I^a
Ind-724,90,I^a
Ind-724,100,R
Ind-725,10,S^a
Ind-725,20,S^a
Ind-725,30,I^a
Ind-725,40,I^a
Ind-725,50,I^a
Ind-725,60,R
Ind-725,70,R
Ind-725,80,R
Ind-725,90,R
Ind-725,100,R
Ind-726,10,S^a
Ind-726,20,S^a
Ind-726,30,I^a
Ind-726,40,R
Ind-726,50,R
Ind-726,60,R
Ind-726,70,R
Ind-726,80,R
Ind-726,90,R
Ind-726,100,R
Ind-727,10,S^a
Ind-727,20,S^a
Ind-727,30,S^a
Ind-727,40,R
Ind-727,50,R
Ind-727,60,R
Ind-727,70,R
Ind-727,80,R
Ind-727,90,R
Ind-727,100,R
Ind-728,10,S^a
Ind-728,20,S^a
Ind-728,30,I^a
Ind-728,40,I^a
Ind-728,50,I^a
Ind-728,60,I^a
Ind-728,70,R
Ind-728,80,R
Ind-728,90,R
Ind-728,100,R
Ind-729,10,S^a
Ind-729,20,S^a
Ind-729,30,I^a
Ind-729,40,I^a
Ind-729,50,I^a
Ind-729,60,I^a
Ind-729,70,R
Ind-729,80,R
Ind-729,90,R
Ind-729,100,R
Ind-730,10,S^a
Ind-730,20,S^a
Ind-730,30,R
Ind-730,40,R
Ind-730,50,R
Ind-730,60,R
Ind-730,70,R
Ind-730,80,R
Ind-730,90,R
Ind-730,100,R
Ind-731,10,S^a
Ind-731,20,I^a
Ind-731,30,I^a
Ind-731,40,R
Ind-731,50,R
Ind-731,60,R
Ind-731,70,R
Ind-731,80,R
Ind-731,90,R
Ind-731,100,R
Ind-732,10,S^a
Ind-732,20,S^a
Ind-732,30,R
Ind-732,40,R
Ind-732,50,R
Ind-732,60,R
Ind-732,70,R
Ind-732,80,R
Ind-732,90,R
Ind-732,100,R
Ind-733,10,I^a
Ind-733,20,R
Ind-733,30,R
Ind-733,40,R
Ind-733,50,R
Ind-733,60,R
Ind-733,70,R
Ind-733,80,R
Ind-733,90,R
Ind-733,100,R
Ind-734,10,I^a
Ind-734,20,I^a
Ind-734,30,R
Ind-734,40,R
Ind-734,50,R
Ind-734,60,R
Ind-734,70,R
Ind-734,80,R
Ind-734,90,R
Ind-734,100,R
Ind-735,10,I^a
Ind-735,20,I^a
Ind-735,30,R
Ind-735,40,R
Ind-735,50,R
Ind-735,60,R
Ind-735,70,R
Ind-735,80,R
Ind-735,90,R
Ind-735,100,R
Ind-736,10,S^b
Ind-736,20,S^b
Ind-736,30,S^b
Ind-736,40,S^b
Ind-736,50,I^b
Ind-736,60,R
Ind-736,70,R
Ind-736,80,R
Ind-736,90,R
Ind-736,100,R
Ind-737,10,S^b
Ind-737,20,S^b
Ind-737,30,I^b
Ind-737,40,I^b
Ind-737,50,R
Ind-737,60,R
Ind-737,70,R
Ind-737,80,R
Ind-737,90,R
Ind-737,100,R
Ind-738,10,S^b
Ind-738,20,S^b
Ind-738,30,I^b
Ind-738,40,I^b
Ind-738,50,I^b
Ind-738,60,I^b
Ind-738,70,R
Ind-738,80,R
Ind-738,90,R
Ind-738,100,R
Ind-739,10,S^b
Ind-739,20,S^b
Ind-739,30,I^b
Ind-739,40,I^b
Ind-739,50,I^b
Ind-739,60,I^b
Ind-739,70,I^b
Ind-739,80,R
Ind-739,90,R
Ind-739,100,R
Ind-740,10,S^b
Ind-740,20,S^b
Ind-740,30,I^b
Ind-740,40,I^b
Ind-740,50,I^b
Ind-740,60,R
Ind-740,70,R
Ind-740,80,R
Ind-740,90,R
Ind-740,100,R
Ind-741,10,S^b
Ind-741,20,S^b
Ind-741,30,S^b
Ind-741,40,I^b
Ind-741,50,I^b
Ind-741,60,I^b
Ind-741,70,R
Ind-741,80,R
Ind-741,90,R
Ind-741,100,R
Ind-742,10,S^b
Ind-742,20,S^b
Ind-742,30,S^b
Ind-742,40,S^b
Ind-742,50,S^b
Ind-742,60,S^b
Ind-742,70,I^b
Ind-742,80,I^b
Ind-742,90,I^b
Ind-742,100,I^b
Ind-743,10,S^b
Ind-743,20,S^b
Ind-743,30,I^b
Ind-743,40,I^b
Ind-743,50,I^b
Ind-743,60,R
Ind-743,70,R
Ind-743,80,R
Ind-743,90,R
Ind-743,100,R
Ind-744,10,S^b
Ind-744,20,I^b
Ind-744,30,I^b
Ind-744,40,I^b
Ind-744,50,I^b
Ind-744,60,I^b
Ind-744,70,I^b
Ind-744,80,I^b
Ind-744,90,I^b
Ind-744,100,I^b
Ind-745,10,S^b
Ind-745,20,S^b
Ind-745,30,S^b
Ind-745,40,I^b
Ind-745,50,R
Ind-745,60,R
Ind-745,70,R
Ind-745,80,R
Ind-745,90,R
Ind-745,100,R
Ind-746,10,S^b
Ind-746,20,I^b
Ind-746,30,R
Ind-746,40,R
Ind-746,50,R
Ind-746,60,R
Ind-746,70,R
Ind-746,80,R
Ind-746,90,R
Ind-746,100,R
Ind-747,10,S^b
Ind-747,20,I^b
Ind-747,30,R
Ind-747,40,R
Ind-747,50,R
Ind-747,60,R
Ind-747,70,R
Ind-747,80,R
Ind-747,90,R
Ind-747,100,R
Ind-748,10,S^b
Ind-748,20,R
Ind-748,30,R
Ind-748,40,R
Ind-748,50,R
Ind-748,60,R
Ind-748,70,R
Ind-748,80,R
Ind-748,90,R
Ind-748,100,R
Ind-749,10,S^b
Ind-749,20,S^b
Ind-749,30,S^b
Ind-749,40,S^b
Ind-749,50,I^b
Ind-749,60,R
Ind-749,70,R
Ind-749,80,R
Ind-749,90,R
Ind-749,100,R
Ind-750,10,S^b
Ind-750,20,S^b
Ind-750,30,I^b
Ind-750,40,I^b
Ind-750,50,I^b
Ind-750,60,I^b
Ind-750,70,R
Ind-750,80,R
Ind-750,90,R
Ind-750,100,R
Ind-751,10,S^b
Ind-751,20,S^b
Ind-751,30,S^b
Ind-751,40,I^b
Ind-751,50,R
Ind-751,60,R
Ind-751,70,R
Ind-751,80,R
Ind-751,90,R
Ind-751,100,R
Ind-752,10,S^b
Ind-752,20,S^b
Ind-752,30,S^b
Ind-752,40,S^b
Ind-752,50,S^b
Ind-752,60,S^b
Ind-752,70,S^b
Ind-752,80,S^b
Ind-752,90,S^b
Ind-752,100,S^b
Ind-753,10,S^b
Ind-753,20,S^b
Ind-753,30,R
Ind-753,40,R
Ind-753,50,R
Ind-753,60,R
Ind-753,70,R
Ind-753,80,R
Ind-753,90,R
Ind-753,100,R
Ind-754,10,S^b
Ind-754,20,S^b
Ind-754,30,I^b
Ind-754,40,I^b
Ind-754,50,I^b
Ind-754,60,I^b
Ind-754,70,I^b
Ind-754,80,R
Ind-754,90,R
Ind-754,100,R
Ind-755,10,S^b
Ind-755,20,S^b
Ind-755,30,S^b
Ind-755,40,R
Ind-755,50,R
Ind-755,60,R
Ind-755,70,R
Ind-755,80,R
Ind-755,90,R
Ind-755,100,R
Ind-756,10,R
Ind-756,20,R
Ind-756,30,R
Ind-756,40,R
Ind-756,50,R
Ind-756,60,R
Ind-756,70,R
Ind-756,80,R
Ind-756,90,R
Ind-756,100,R
Ind-757,10,S^b
Ind-757,20,I^b
Ind-757,30,R
Ind-757,40,R
Ind-757,50,R
Ind-757,60,R
Ind-757,70,R
Ind-757,80,R
Ind-757,90,R
Ind-757,100,R
Ind-758,10,S^b
Ind-758,20,S^b
Ind-758,30,I^b
Ind-758,40,R
Ind-758,50,R
Ind-758,60,R
Ind-758,70,R
Ind-758,80,R
Ind-758,90,R
Ind-758,100,R
Ind-759,10,S^b
Ind-759,20,S^b
Ind-759,30,S^b
Ind-759,40,S^b
Ind-759,50,I^b
Ind-759,60,I^b
Ind-759,70,R
Ind-759,80,R
Ind-759,90,R
Ind-759,100,R
Ind-760,10,S^b
Ind-760,20,S^b
Ind-760,30,I^b
Ind-760,40,R
Ind-760,50,R
Ind-760,60,R
Ind-760,70,R
Ind-760,80,R
Ind-760,90,R
Ind-760,100,R
Ind-761,10,S^b
Ind-761,20,S^b
Ind-761,30,I^b
Ind-761,40,R
Ind-761,50,R
Ind-761,60,R
Ind-761,70,R
Ind-761,80,R
Ind-761,90,R
Ind-761,100,R
Ind-762,10,S^b
Ind-762,20,S^b
Ind-762,30,S^b
Ind-762,40,R
Ind-762,50,R
Ind-762,60,R
Ind-762,70,R
Ind-762,80,R
Ind-762,90,R
Ind-762,100,R
Ind-763,10,S^b
Ind-763,20,I^b
Ind-763,30,I^b
Ind-763,40,I^b
Ind-763,50,R
Ind-763,60,R
Ind-763,70,R
Ind-763,80,R
Ind-763,90,R
Ind-763,100,R
Ind-764,10,S^b
Ind-764,20,S^b
Ind-764,30,S^b
Ind-764,40,S^b
Ind-764,50,S^b
Ind-764,60,S^b
Ind-764,70,I^b
Ind-764,80,R
Ind-764,90,R
Ind-764,100,R
Ind-765,10,S^b
Ind-765,20,I^b
Ind-765,30,R
Ind-765,40,R
Ind-765,50,R
Ind-765,60,R
Ind-765,70,R
Ind-765,80,R
Ind-765,90,R
Ind-765,100,R
Ind-766,10,S^b
Ind-766,20,S^b
Ind-766,30,R
Ind-766,40,R
Ind-766,50,R
Ind-766,60,R
Ind-766,70,R
Ind-766,80,R
Ind-766,90,R
Ind-766,100,R
Ind-767,10,S^b
Ind-767,20,S^b
Ind-767,30,S^b
Ind-767,40,S^b
Ind-767,50,I^b
Ind-767,60,R
Ind-767,70,R
Ind-767,80,R
Ind-767,90,R
Ind-767,100,R
Ind-768,10,S^b
Ind-768,20,S^b
Ind-768,30,S^b
Ind-768,40,S^b
Ind-768,50,I^b
Ind-768,60,I^b
Ind-768,70,I^b
Ind-768,80,I^b
Ind-768,90,R
Ind-768,100,R
Ind-769,10,S^b
Ind-769,20,S^b
Ind-769,30,I^b
Ind-769,40,I^b
Ind-769,50,I^b
Ind-769,60,I^b
Ind-769,70,I^b
Ind-769,80,R
Ind-769,90,R
Ind-769,100,R
Ind-770,10,S^b
Ind-770,20,S^b
Ind-770,30,I^b
Ind-770,40,I^b
Ind-770,50,R
Ind-770,60,R
Ind-770,70,R
Ind-770,80,R
Ind-770,90,R
Ind-770,100,R
Ind-771,10,S^b
Ind-771,20,S^b
Ind-771,30,I^b
Ind-771,40,R
Ind-771,50,R
Ind-771,60,R
Ind-771,70,R
Ind-771,80,R
Ind-771,90,R
Ind-771,100,R
Ind-772,10,S^b
Ind-772,20,S^b
Ind-772,30,S^b
Ind-772,40,I^b
Ind-772,50,I^b
Ind-772,60,I^b
Ind-772,70,R
Ind-772,80,R
Ind-772,90,R
Ind-772,100,R
Ind-773,10,S^b
Ind-773,20,S^b
Ind-773,30,S^b
Ind-773,40,I^b
Ind-773,50,I^b
Ind-773,60,R
Ind-773,70,R
Ind-773,80,R
Ind-773,90,R
Ind-773,100,R
Ind-774,10,I^b
Ind-774,20,I^b
Ind-774,30,R
Ind-774,40,R
Ind-774,50,R
Ind-774,60,R
Ind-774,70,R
Ind-774,80,R
Ind-774,90,R
Ind-774,100,R
Ind-775,10,S^b
Ind-775,20,S^b
Ind-775,30,I^b
Ind-775,40,R
Ind-775,50,R
Ind-775,60,R
Ind-775,70,R
Ind-775,80,R
Ind-775,90,R
Ind-775,100,R
Ind-776,10,S^b
Ind-776,20,S^b
Ind-776,30,S^b
Ind-776,40,S^b
Ind-776,50,I^b
Ind-776,60,I^b
Ind-776,70,I^b
Ind-776,80,R
Ind-776,90,R
Ind-776,100,R
Ind-777,10,S^b
Ind-777,20,I^b
Ind-777,30,R
Ind-777,40,R
Ind-777,50,R
Ind-777,60,R
Ind-777,70,R
Ind-777,80,R
Ind-777,90,R
Ind-777,100,R
Ind-778,10,S^b
Ind-778,20,I^b
Ind-778,30,I^b
Ind-778,40,I^b
Ind-778,50,I^b
Ind-778,60,I^b
Ind-778,70,R
Ind-778,80,R
Ind-778,90,R
Ind-778,100,R
Ind-779,10,S^b
Ind-779,20,S^b
Ind-779,30,R
Ind-779,40,R
Ind-779,50,R
Ind-779,60,R
Ind-779,70,R
Ind-779,80,R
Ind-779,90,R
Ind-779,100,R
Ind-780,10,S^b
Ind-780,20,S^b
Ind-780,30,S^b
Ind-780,40,S^b
Ind-780,50,S^b
Ind-780,60,R
Ind-780,70,R
Ind-780,80,R
Ind-780,90,R
Ind-780,100,R
Ind-781,10,S^b
Ind-781,20,S^b
Ind-781,30,I^b
Ind-781,40,R
Ind-781,50,R
Ind-781,60,R
Ind-781,70,R
Ind-781,80,R
Ind-781,90,R
Ind-781,100,R
Ind-782,10,S^b
Ind-782,20,S^b
Ind-782,30,S^b
Ind-782,40,S^b
Ind-782,50,I^b
Ind-782,60,R
Ind-782,70,R
Ind-782,80,R
Ind-782,90,R
Ind-782,100,R
Ind-783,10,R
Ind-783,20,R
Ind-783,30,R
Ind-783,40,R
Ind-783,50,R
Ind-783,60,R
Ind-783,70,R
Ind-783,80,R
Ind-783,90,R
Ind-783,100,R
Ind-784,10,S^b
Ind-784,20,S^b
Ind-784,30,I^b
Ind-784,40,I^b
Ind-784,50,I^b
Ind-784,60,I^b
Ind-784,70,R
Ind-784,80,R
Ind-784,90,R
Ind-784,100,R
Ind-785,10,S^b
Ind-785,20,I^b
Ind-785,30,R
Ind-785,40,R
Ind-785,50,R
Ind-785,60,R
Ind-785,70,R
Ind-785,80,R
Ind-785,90,R
Ind-785,100,R
Ind-786,10,S^b
Ind-786,20,S^b
Ind-786,30,I^b
Ind-786,40,R
Ind-786,50,R
Ind-786,60,R
Ind-786,70,R
Ind-786,80,R
Ind-786,90,R
Ind-786,100,R
Ind-787,10,S^b
Ind-787,20,S^b
Ind-787,30,S^b
Ind-787,40,S^b
Ind-787,50,S^b
Ind-787,60,R
Ind-787,70,R
Ind-787,80,R
Ind-787,90,R
Ind-787,100,R
Ind-788,10,S^b
Ind-788,20,S^b
Ind-788,30,R
Ind-788,40,R
Ind-788,50,R
Ind-788,60,R
Ind-788,70,R
Ind-788,80,R
Ind-788,90,R
Ind-788,100,R
Ind-789,10,S^b
Ind-789,20,S^b
Ind-789,30,S^b
Ind-789,40,S^b
Ind-789,50,I^b
Ind-789,60,I^b
Ind-789,70,I^b
Ind-789,80,R
Ind-789,90,R
Ind-789,100,R
Ind-790,10,S^b
Ind-790,20,S^b
Ind-790,30,I^b
Ind-790,40,I^b
Ind-790,50,I^b
Ind-790,60,R
Ind-790,70,R
Ind-790,80,R
Ind-790,90,R
Ind-790,100,R
Ind-791,10,S^b
Ind-791,20,I^b
Ind-791,30,I^b
Ind-791,40,R
Ind-791,50,R
Ind-791,60,R
Ind-791,70,R
Ind-791,80,R
Ind-791,90,R
Ind-791,100,R
Ind-792,10,S^b
Ind-792,20,S^b
Ind-792,30,I^b
Ind-792,40,R
Ind-792,50,R
Ind-792,60,R
Ind-792,70,R
Ind-792,80,R
Ind-792,90,R
Ind-792,100,R
Ind-793,10,S^b
Ind-793,20,S^b
Ind-793,30,I^b
Ind-793,40,I^b
Ind-793,50,R
Ind-793,60,R
Ind-793,70,R
Ind-793,80,R
Ind-793,90,R
Ind-793,100,R
Ind-794,10,S^b
Ind-794,20,S^b
Ind-794,30,I^b
Ind-794,40,R
Ind-794,50,R
Ind-794,60,R
Ind-794,70,R
Ind-794,80,R
Ind-794,90,R
Ind-794,100,R
Ind-795,10,S^b
Ind-795,20,S^b
Ind-795,30,S^b
Ind-795,40,S^b
Ind-795,50,I^b
Ind-795,60,R
Ind-795,70,R
Ind-795,80,R
Ind-795,90,R
Ind-795,100,R
Ind-796,10,S^b
Ind-796,20,S^b
Ind-796,30,I^b
Ind-796,40,I^b
Ind-796,50,R
Ind-796,60,R
Ind-796,70,R
Ind-796,80,R
Ind-796,90,R
Ind-796,100,R
Ind-797,10,I^b
Ind-797,20,I^b
Ind-797,30,I^b
Ind-797,40,R
Ind-797,50,R
Ind-797,60,R
Ind-797,70,R
Ind-797,80,R
Ind-797,90,R
Ind-797,100,R
Ind-798,10,S^b
Ind-798,20,I^b
Ind-798,30,I^b
Ind-798,40,R
Ind-798,50,R
Ind-798,60,R
Ind-798,70,R
Ind-798,80,R
Ind-798,90,R
Ind-798,100,R
Ind-799,10,S^b
Ind-799,20,S^b
Ind-799,30,S^b
Ind-799,40,I^b
Ind-799,50,I^b
Ind-799,60,I^b
Ind-799,70,R
Ind-799,80,R
Ind-799,90,R
Ind-799,100,R
Ind-800,10,S^b
Ind-800,20,I^b
Ind-800,30,I^b
Ind-800,40,I^b
Ind-800,50,I^b
Ind-800,60,I^b
Ind-800,70,R
Ind-800,80,R
Ind-800,90,R
Ind-800,100,R
Ind-801,10,S^b
Ind-801,20,S^b
Ind-801,30,R
Ind-801,40,R
Ind-801,50,R
Ind-801,60,R
Ind-801,70,R
Ind-801,80,R
Ind-801,90,R
Ind-801,100,R
Ind-802,10,S^b
Ind-802,20,S^b
Ind-802,30,I^b
Ind-802,40,R
Ind-802,50,R
Ind-802,60,R
Ind-802,70,R
Ind-802,80,R
Ind-802,90,R
Ind-802,100,R
Ind-803,10,S^b
Ind-803,20,S^b
Ind-803,30,I^b
Ind-803,40,I^b
Ind-803,50,I^b
Ind-803,60,R
Ind-803,70,R
Ind-803,80,R
Ind-803,90,R
Ind-803,100,R
Ind-804,10,I^b
Ind-804,20,I^b
Ind-804,30,I^b
Ind-804,40,I^b
Ind-804,50,I^b
Ind-804,60,I^b
Ind-804,70,I^b
Ind-804,80,I^b
Ind-804,90,R
Ind-804,100,R
